"Trial","X1.Second.Residency","X1.Minute.Residency","X5.Minute.Residency","X1.Hour.Visits..1.Second.","X1.Hour.Visits..1.Minute.","X1.Hour.Visits..5.Minutes.","X2.Hour.Visits..1.Second.","X2.Hour.Visits..1.Minute.","X2.Hour.Visits..5.Minutes.","half.Hour.Visits..1.Second.","half.Hour.Visits..1.Minute.","half.Hour.Visits..5.Minutes."
1,0.999687503616856,0.863289382373352,0.865051903114187,1,1,1,1,1,1,1,1,2
2,0.77729424427958,0.537820957668286,0.536332179930796,2,2,2,2,2,2,3,3,3
3,0.0883323109686231,0.0624566273421235,0.0761245674740484,3,3,3,3,2,2,4,3,3
4,0.198087985092765,0.147120055517002,0.155709342560554,2,2,2,2,2,2,2,2,2
5,0.39815511394544,0.307425399028452,0.314878892733564,6,6,7,4,4,4,7,8,8
6,0.210379509496418,0.144344205412908,0.117647058823529,2,2,3,2,2,2,2,4,6
7,0.417599333341049,0.323386537126995,0.359861591695502,3,3,3,2,2,2,5,6,4
8,0.355215796113471,0.338653712699514,0.332179930795848,3,3,2,3,3,2,3,3,3
9,0.638036596798648,0.443442054129077,0.439446366782007,2,2,3,2,2,2,3,4,4
10,0.43246027245055,0.354614850798057,0.339100346020761,5,6,6,2,2,3,6,7,6
11,0.952755176444717,0.736988202637058,0.716262975778547,1,1,2,1,1,1,2,2,3
12,0.449427668661242,0.25676613462873,0.238754325259516,5,6,6,3,3,3,7,6,11
13,0.657538685894839,0.530187369882026,0.522491349480969,3,3,3,3,3,3,3,3,5
14,0.5956759759725,0.45176960444136,0.470588235294118,3,3,3,3,3,3,3,3,3
15,0.381708545039988,0.312977099236641,0.318339100346021,3,3,3,3,3,3,3,3,3
16,0.857675258388213,0.605135322692575,0.570934256055363,2,2,2,1,1,2,2,2,5
17,0.430990382055763,0.344899375433727,0.356401384083045,4,4,4,3,3,3,4,5,5
18,0.65084894850754,0.494795281054823,0.525951557093426,2,2,2,2,2,2,2,2,2
19,0.935336396569484,0.786259541984733,0.799307958477509,1,1,2,1,1,1,2,2,2
20,0.751310748718186,0.59264399722415,0.591695501730104,2,2,2,2,2,2,3,4,2
21,0.506707098297473,0.405968077723803,0.401384083044983,3,3,3,3,3,3,3,3,3
22,0.820846980937721,0.509368494101319,0.456747404844291,2,2,3,2,2,2,2,2,5
23,0.0799412043842085,0.0534351145038168,0.0519031141868512,2,2,2,2,2,2,2,2,2
24,0.486070763069872,0.404580152671756,0.422145328719723,3,3,3,3,3,3,3,3,3
25,0.210367935556301,0.1852879944483,0.190311418685121,2,3,3,2,2,2,3,3,3
26,0.805025404798556,0.634975711311589,0.640138408304498,2,2,2,2,2,2,2,2,3
27,0.193226930243863,0.128383067314365,0.117647058823529,4,4,4,3,4,4,4,4,4
28,0.401384243237925,0.289382373351839,0.269896193771626,2,2,2,2,2,2,2,2,2
29,0.580710871401951,0.350451075641915,0.41522491349481,4,4,5,3,3,3,4,6,7
30,0.981944653418363,0.879944482997918,0.903114186851211,1,1,1,1,1,1,1,1,2
31,0.401372669297809,0.373351839000694,0.384083044982699,2,2,2,2,2,2,2,2,2
32,0.839376859064131,0.679389312977099,0.70242214532872,2,2,2,2,2,2,2,2,2
33,0.964352264441384,0.795975017349063,0.85121107266436,1,1,1,1,1,1,1,1,3
34,0.308954757468085,0.274809160305344,0.283737024221453,3,3,3,3,3,3,4,3,4
35,0.676056990081133,0.518390006939625,0.532871972318339,4,4,3,2,2,3,4,4,4
36,0.98640062036319,0.693268563497571,0.70242214532872,1,1,1,1,1,1,1,1,1
37,0.985602018495156,0.886884108258154,0.875432525951557,1,1,1,1,1,1,1,1,2
38,0.216768324440689,0.157529493407356,0.162629757785467,2,2,2,2,2,2,2,2,2
39,0.954769042024977,0.826509368494101,0.799307958477509,1,1,2,1,1,1,2,2,2
40,0.805523084223562,0.649548924358085,0.653979238754325,2,2,3,1,1,2,3,4,5
41,0.324278654182243,0.203331020124913,0.204152249134948,2,3,3,2,2,2,3,3,4
42,0.805719841205542,0.530187369882026,0.550173010380623,2,2,2,2,2,2,3,3,5
43,0.280644899943288,0.240804996530187,0.231833910034602,2,2,2,2,2,2,2,2,2
44,0.518026411731346,0.380985426786954,0.387543252595156,3,3,4,2,2,2,6,8,5
45,0.344590919086585,0.1852879944483,0.197231833910035,5,6,6,4,4,4,7,7,9
46,0.797745396465319,0.596807772380291,0.581314878892734,1,1,4,1,1,1,4,4,6
47,0.328329533222995,0.245662734212353,0.256055363321799,3,3,2,3,3,2,3,3,2
48,1,0.913254684247051,0.910034602076125,1,1,1,1,1,1,1,1,1
49,0.960347681161098,0.821651630811936,0.85121107266436,1,1,1,1,1,1,1,2,2
50,0.185657573407715,0.139486467730743,0.1280276816609,2,2,2,2,2,2,2,2,2
51,0.99418988206155,0.85912560721721,0.86159169550173,1,1,1,1,1,1,1,1,1
52,0.382692329949885,0.333795975017349,0.328719723183391,2,2,2,2,2,2,2,2,2
53,0.178979409960533,0.114503816793893,0.107266435986159,3,3,2,3,3,2,3,3,2
54,0.568234163956436,0.41707147814018,0.411764705882353,2,2,2,2,2,2,4,5,4
55,0.656554900984942,0.428174878556558,0.43598615916955,2,2,2,2,2,2,2,2,3
56,0.287346211270703,0.206800832755031,0.217993079584775,3,3,3,2,2,2,4,3,3
57,0.821807617967385,0.621096460791117,0.605536332179931,3,3,3,1,1,2,3,3,4
58,0.997349567713337,0.80499653018737,0.806228373702422,1,1,1,1,1,1,1,1,2
59,0.79222462702978,0.588480222068008,0.605536332179931,2,2,3,2,2,2,3,3,4
60,0.571035057464613,0.387925052047189,0.397923875432526,3,4,4,2,2,2,4,4,5
61,0.364440226386269,0.309507286606523,0.328719723183391,2,2,2,2,2,2,2,2,2
62,0.248689251281814,0.152671755725191,0.15916955017301,3,2,3,3,2,2,6,6,5
63,1,0.915336571825121,0.896193771626298,1,1,1,1,1,1,1,1,1
64,1,0.78001387925052,0.768166089965398,1,1,1,1,1,1,1,1,2
65,0.211629495028993,0.159611380985427,0.162629757785467,2,2,2,2,2,2,2,2,2
66,0.716218562285159,0.522553782095767,0.522491349480969,2,3,4,2,2,2,6,6,6
67,0.559854631312138,0.399028452463567,0.422145328719723,2,2,2,2,2,2,2,2,3
68,0.909954745894145,0.791811242192922,0.775086505190311,2,2,2,1,1,1,2,3,3
69,0.369139246073541,0.300485773768217,0.283737024221453,4,4,5,3,3,4,5,6,6
70,1,0.844552394170715,0.85121107266436,1,1,1,1,1,1,1,1,1
71,0.969456372032731,0.64677307425399,0.636678200692042,1,1,1,1,1,1,1,1,3
72,0.968542030763533,0.779319916724497,0.771626297577855,1,1,1,1,1,1,1,1,2
73,0.359428710315853,0.283136710617627,0.318339100346021,2,2,2,2,2,2,2,2,3
74,0.357565305957107,0.234559333795975,0.252595155709343,3,3,3,3,3,3,3,3,3
75,0.258295621578454,0.152671755725191,0.145328719723183,3,3,3,2,2,2,3,4,6
76,0.811448941563176,0.614850798056905,0.619377162629758,2,2,2,2,2,2,2,2,4
77,0.95592643603662,0.819569743233865,0.809688581314879,1,1,1,1,1,1,2,2,2
78,0.836251895232694,0.650936849410132,0.633217993079585,2,2,2,2,2,2,2,2,3
79,0.507991805650398,0.420541290770298,0.404844290657439,2,2,2,2,2,2,2,2,2
80,0.44307357553732,0.349757113115892,0.363321799307958,3,3,4,3,3,3,4,4,4
81,0.709227902454833,0.558639833448994,0.557093425605536,3,3,3,3,3,3,4,5,4
82,1,0.938931297709924,0.955017301038062,1,1,1,1,1,1,1,1,1
83,0.236536614159558,0.192921582234559,0.190311418685121,2,2,2,2,2,2,2,3,2
84,0.797525491603106,0.575988896599584,0.58477508650519,2,2,2,2,2,2,2,2,5
85,0.649332762352288,0.448299791811242,0.456747404844291,4,4,6,2,3,3,5,5,7
86,0.139396534762329,0.0763358778625954,0.0865051903114187,4,4,3,3,3,3,4,4,3
87,1,0.865371269951423,0.802768166089965,1,1,1,1,1,1,1,1,1
88,0.927477691230426,0.807078417765441,0.799307958477509,1,2,2,1,1,1,3,3,3
89,0.714621358549091,0.575988896599584,0.557093425605536,3,3,3,2,2,2,3,3,3
90,0.731993842663858,0.573907009021513,0.57439446366782,3,3,3,2,3,3,3,3,4
91,0.319220842351362,0.232477446217904,0.249134948096886,4,4,4,2,2,2,4,4,4
92,0.931123482367102,0.630811936155448,0.650519031141868,1,1,2,1,1,1,1,1,5
93,0.522123586532563,0.494101318528799,0.491349480968858,2,2,2,2,2,2,2,2,2
94,0.420342357148644,0.358778625954198,0.349480968858132,2,2,2,2,2,2,2,2,3
95,0.93437575953982,0.768216516308119,0.757785467128028,1,1,2,1,1,1,1,2,3
96,0.430307519588894,0.249132546842471,0.228373702422145,2,2,4,2,2,2,4,5,6
97,0.658603488385551,0.45940319222762,0.467128027681661,2,2,2,2,2,2,2,2,2
98,0.463860371986435,0.269257460097155,0.280276816608997,3,4,4,2,2,2,4,5,7
99,0.965868450596637,0.851492019430951,0.847750865051903,1,1,2,1,1,1,2,2,2
100,0.913693128551753,0.680083275503123,0.678200692041522,2,2,2,1,1,1,2,2,3
101,0.597053274846356,0.50381679389313,0.494809688581315,3,4,4,2,2,2,4,4,5
102,0.900255784076573,0.578070784177654,0.629757785467128,1,1,1,1,1,1,3,3,3
103,0.54861633545908,0.46911866759195,0.439446366782007,3,3,3,2,2,2,3,3,4
104,0.737919700003472,0.663428174878557,0.671280276816609,2,2,2,2,2,2,2,2,3
105,0.135808613326235,0.0853573907009021,0.0968858131487889,2,2,3,2,2,2,3,3,3
106,0.580305783497876,0.361554476058293,0.373702422145329,3,3,3,2,2,2,3,3,5
107,0.890174882235159,0.741845940319223,0.740484429065744,2,2,2,2,2,2,2,2,3
108,0.50607053159107,0.365718251214434,0.356401384083045,5,5,5,2,3,3,5,5,7
109,0.468177451649865,0.335183900069396,0.318339100346021,3,3,3,3,3,3,5,7,5
110,0.841599055566487,0.553782095766829,0.543252595155709,2,2,2,2,2,2,2,2,5
111,0.882478212057731,0.748091603053435,0.754325259515571,1,1,2,1,1,1,3,3,5
112,0.718105114524137,0.532963219986121,0.519031141868512,2,2,2,2,2,2,2,2,3
113,0.839585189986227,0.599583622484386,0.57439446366782,2,2,2,2,2,2,2,2,2
114,0.897802108771889,0.719639139486468,0.72318339100346,1,1,2,1,1,1,3,3,4
115,0.265621925672157,0.222761970853574,0.228373702422145,2,2,2,2,2,2,2,2,2
116,0.67058251640606,0.528799444829979,0.543252595155709,3,3,3,3,3,2,5,5,4
117,0.529669795488478,0.464954892435808,0.463667820069204,2,3,3,2,2,2,3,3,4
118,0.188342727514728,0.117279666897988,0.114186851211073,3,3,3,2,2,3,4,4,5
119,0.40283098575248,0.276197085357391,0.283737024221453,4,3,3,4,3,3,4,3,3
120,0.58889364706427,0.542678695350451,0.536332179930796,3,3,3,3,3,3,3,3,3
121,0.55987777919237,0.474670367800139,0.474048442906574,3,2,2,3,2,2,4,3,3
122,0.33817895626208,0.289382373351839,0.283737024221453,2,2,2,2,2,2,2,2,2
123,0.263712225552945,0.190145732130465,0.186851211072664,2,2,2,2,2,2,3,3,4
124,1,0.952116585704372,0.934256055363322,1,1,1,1,1,1,1,1,1
125,0.311801946736728,0.235947258848022,0.221453287197232,2,2,2,2,2,2,2,2,3
126,0.892454948438097,0.687022900763359,0.678200692041522,1,1,2,1,1,1,2,2,2
127,0.274383398340297,0.197779319916724,0.183391003460208,2,2,2,2,2,2,2,2,2
128,0.238538905799701,0.189451769604441,0.190311418685121,4,2,2,3,2,2,4,2,2
129,0.784354347750605,0.59264399722415,0.577854671280277,2,2,4,2,2,2,4,4,4
130,0.75558153262115,0.603747397640527,0.608996539792388,2,2,2,2,2,2,2,3,3
131,0.938426638580572,0.833448993754337,0.830449826989619,2,2,2,1,1,1,2,2,2
132,0.722734690570711,0.505898681471201,0.543252595155709,2,2,2,2,2,2,2,2,3
133,0.644610594784783,0.492713393476752,0.529411764705882,4,3,3,3,3,3,4,3,3
134,0.547979768752677,0.472588480222068,0.480968858131488,4,4,4,2,3,3,4,5,6
135,0.865499241906922,0.594725884802221,0.608996539792388,2,2,2,1,1,1,3,3,4
136,0.754331547088575,0.600971547536433,0.57439446366782,4,3,4,2,2,2,5,4,6
137,0.680177312762584,0.517696044413602,0.525951557093426,2,2,2,2,2,2,2,2,2
138,0.328179072001481,0.260235947258848,0.259515570934256,4,4,4,3,3,3,4,4,4
139,0.488917952338515,0.278972935461485,0.252595155709343,3,3,3,2,2,3,3,3,5
140,0.580051156815315,0.47675225537821,0.477508650519031,2,2,2,2,2,2,4,4,4
141,0.988819573847525,0.721721027064539,0.764705882352941,1,1,1,1,1,1,1,1,2
142,0.399474543118714,0.286606523247745,0.283737024221453,2,2,2,2,2,2,3,3,4
143,0.813844747167278,0.640527411519778,0.640138408304498,2,2,2,2,2,2,2,3,3
144,0.961724980034953,0.690492713393477,0.636678200692042,1,1,2,1,1,1,2,2,4
145,0.98094929456835,0.8764746703678,0.865051903114187,1,1,1,1,1,1,1,1,3
146,0.805106422379371,0.53088133240805,0.525951557093426,3,3,2,1,2,2,4,3,4
147,0.968715639865279,0.748091603053435,0.726643598615917,1,1,1,1,1,1,1,1,3
148,0.960637029664009,0.646079111727967,0.660899653979239,1,1,1,1,1,1,1,2,3
149,0.976886841587482,0.789729354614851,0.782006920415225,1,1,1,1,1,1,1,1,2
150,0.945625629332994,0.670367800138792,0.633217993079585,1,1,1,1,1,1,2,2,3
151,0.861899746530711,0.763358778625954,0.757785467128028,2,2,3,2,2,2,2,3,3
152,0.795280147220518,0.721721027064539,0.72318339100346,2,2,2,2,2,2,4,3,3
153,0.732780870591776,0.597501734906315,0.567474048442907,3,3,3,2,2,3,5,6,3
154,0.302114558859272,0.233865371269951,0.228373702422145,4,4,4,3,4,4,6,5,6
155,0.395550977419243,0.272033310201249,0.245674740484429,4,4,4,4,4,4,4,4,5
156,0.963380053471603,0.779319916724497,0.795847750865052,1,1,1,1,1,1,2,2,2
157,0.354567655466951,0.313671061762665,0.301038062283737,4,3,3,3,3,3,5,4,4
158,1,0.933379597501735,0.961937716262976,1,1,1,1,1,1,1,1,1
159,0.866702931679031,0.572519083969466,0.567474048442907,1,1,3,1,1,1,2,2,6
160,0.680767583708522,0.561415683553088,0.570934256055363,3,2,2,3,2,2,3,3,3
161,1,0.900069396252602,0.899653979238754,1,1,1,1,1,1,1,1,1
162,0.961551370933207,0.866065232477446,0.882352941176471,1,1,2,1,1,1,2,2,2
163,0.999548616335459,0.859819569743234,0.875432525951557,1,1,1,1,1,1,1,1,1
164,0.0946053865117302,0.0687022900763359,0.0795847750865052,2,2,2,2,2,2,2,2,2
165,0.65915903751114,0.485079805690493,0.484429065743945,3,3,3,3,2,2,3,4,5
166,0.853022534461407,0.663428174878557,0.692041522491349,1,1,2,1,1,1,2,4,6
167,0.992222312241756,0.811936155447606,0.795847750865052,1,1,1,1,1,1,1,1,2
168,0.625432576011852,0.414295628036086,0.391003460207612,2,2,2,2,2,2,2,2,4
169,0.158319926852698,0.119361554476058,0.103806228373702,2,2,3,2,2,2,2,3,3
170,1,0.895211658570437,0.885813148788927,1,1,1,1,1,1,1,1,1
171,0.286698070624183,0.191533657182512,0.197231833910035,3,3,3,3,3,3,4,3,4
172,1,0.907702984038862,0.913494809688581,1,1,1,1,1,1,1,1,1
173,0.55491255888242,0.351145038167939,0.332179930795848,2,3,5,2,2,2,4,4,6
174,0.624761287485099,0.546148507980569,0.543252595155709,2,2,2,2,2,2,2,2,2
175,1,0.829979181124219,0.837370242214533,1,1,1,1,1,1,1,1,1
176,0.742954363954121,0.568355308813324,0.55363321799308,3,4,5,1,2,3,5,5,5
177,0.972106804319394,0.79736294240111,0.792387543252595,1,1,1,1,1,1,1,1,2
178,0.531012372541985,0.412213740458015,0.439446366782007,2,2,2,2,2,2,2,2,2
179,1,0.726578764746704,0.778546712802768,1,1,1,1,1,1,1,1,1
180,0.475746808486013,0.362248438584316,0.391003460207612,3,3,3,3,3,3,3,4,5
181,0.736172035045891,0.464954892435808,0.456747404844291,2,2,3,2,2,2,3,3,8
182,0.638742607145751,0.512144344205413,0.501730103806228,2,2,3,2,2,2,2,2,3
183,0.925591138991447,0.723802914642609,0.747404844290657,1,1,2,1,1,1,2,2,3
184,0.999363433293596,0.86675919500347,0.868512110726644,1,1,1,1,1,1,1,1,1
185,0.605166606867976,0.444829979181124,0.42560553633218,2,2,2,2,2,2,2,2,4
186,1,0.936849410131853,0.910034602076125,1,1,1,1,1,1,1,1,1
187,0.757618546081643,0.545454545454545,0.522491349480969,2,2,2,2,2,2,4,4,4
188,0.322056457679888,0.255378209576683,0.245674740484429,4,3,2,3,3,2,4,3,4
189,1,0.900069396252602,0.916955017301038,1,1,1,1,1,1,1,1,1
190,0.718255575745651,0.545454545454545,0.532871972318339,2,2,3,2,2,2,3,3,5
191,0.618164141618731,0.462873004857738,0.460207612456747,2,2,2,2,2,2,2,3,5
192,0.180113656091943,0.10617626648161,0.100346020761246,3,3,4,3,3,3,5,5,4
193,0.810997557898635,0.559333795975017,0.522491349480969,2,2,2,2,2,2,2,2,5
194,0.858253955394035,0.670367800138792,0.695501730103806,2,3,3,1,2,2,3,3,3
195,0.676485225865441,0.514226231783484,0.532871972318339,4,4,3,2,2,2,4,4,5
196,1,0.867453157529493,0.820069204152249,1,1,1,1,1,1,1,1,1
197,1,0.921582234559334,0.913494809688581,1,1,1,1,1,1,1,1,1
198,0.943588615872501,0.707147814018043,0.705882352941177,1,2,2,1,1,1,3,2,3
199,0.833277392622771,0.666204024982651,0.657439446366782,3,3,3,1,1,2,3,3,4
200,0.913369058228493,0.648160999306037,0.671280276816609,2,2,2,1,2,2,2,2,2
201,0.245888357773637,0.174878556557946,0.169550173010381,2,2,2,2,2,2,3,3,3
202,0.242531915139871,0.16793893129771,0.169550173010381,3,3,3,3,3,3,5,4,4
203,0.301327530931355,0.190145732130465,0.186851211072664,5,4,3,3,4,3,6,5,4
204,0.68616103980278,0.517002081887578,0.508650519031142,2,2,2,2,2,2,2,2,2
205,0.882547655698429,0.686328938237335,0.671280276816609,2,2,2,1,1,1,3,3,4
206,0.591335748428838,0.431644691186676,0.418685121107266,4,4,4,2,2,3,5,5,4
207,0.161444890684136,0.1235253296322,0.134948096885813,2,2,2,2,2,2,2,2,2
208,0.843693938727561,0.620402498265094,0.633217993079585,2,2,2,1,1,1,2,2,3
209,0.189095033622296,0.124913254684247,0.131487889273356,4,3,2,4,3,2,4,3,2
210,0.861089570722561,0.630811936155448,0.650519031141868,2,2,2,2,2,2,2,2,3
211,0.741114107475608,0.507286606523248,0.480968858131488,2,2,2,2,2,2,2,2,6
212,0.941377993310263,0.873698820263706,0.858131487889273,1,1,2,1,1,1,2,2,3
213,0.273098690987373,0.203331020124913,0.211072664359862,3,3,3,2,2,3,3,3,4
214,1,0.78764746703678,0.823529411764706,1,1,1,1,1,1,1,1,1
215,0.74847513338966,0.489937543372658,0.43598615916955,2,2,2,2,2,2,4,4,6
216,1,0.926439972241499,0.920415224913495,1,1,1,1,1,1,1,1,1
217,0.37417391002419,0.306731436502429,0.307958477508651,3,3,3,3,3,3,3,3,3
218,0.472263052510966,0.410131852879944,0.408304498269896,2,2,2,2,2,2,2,2,2
219,0.576081295355378,0.334489937543373,0.29757785467128,3,4,5,3,3,3,5,5,9
220,0.576960914804227,0.475364330326162,0.480968858131488,2,2,2,2,2,2,2,2,2
221,0.420932628094582,0.31089521165857,0.311418685121107,2,2,2,2,2,2,2,2,3
222,0.998032430180206,0.848716169326856,0.847750865051903,1,1,1,1,1,1,1,1,1
223,0.756553743590931,0.532963219986121,0.55363321799308,3,3,3,2,2,2,3,4,7
224,0.941540028471893,0.705065926439972,0.716262975778547,1,1,1,1,1,1,1,2,3
225,0.999895834538952,0.749479528105482,0.692041522491349,1,1,1,1,1,1,1,1,1
226,0.390632052869758,0.281054823039556,0.311418685121107,2,2,2,2,2,2,2,2,2
227,0.775870649645259,0.588480222068008,0.595155709342561,2,2,2,2,2,2,4,3,4
228,0.51583893704934,0.4323386537127,0.418685121107266,2,2,2,2,2,2,2,2,2
229,0.9271073251467,0.646079111727967,0.667820069204152,1,1,2,1,1,1,2,2,4
230,0.981134477610213,0.829979181124219,0.868512110726644,1,1,1,1,1,1,1,1,2
231,1,0.772380291464261,0.782006920415225,1,1,1,1,1,1,1,1,2
232,0.464902026596914,0.33587786259542,0.342560553633218,2,2,2,2,2,2,2,2,3
233,0.763336072499161,0.634281748785566,0.622837370242215,2,2,2,2,2,2,2,2,2
234,0.498177104431662,0.337959750173491,0.352941176470588,2,3,3,2,2,2,4,4,4
235,0.616972025786739,0.551700208188758,0.529411764705882,2,2,2,2,2,2,2,2,3
236,0.933183643707827,0.713393476752255,0.750865051903114,1,2,2,1,1,1,2,2,2
237,0.992592678325482,0.788341429562804,0.754325259515571,1,1,1,1,1,1,1,1,2
238,0.418432657029433,0.312977099236641,0.262975778546713,5,5,5,4,4,4,5,6,5
239,0.306825152486661,0.176266481609993,0.193771626297578,2,2,2,2,2,2,3,3,5
240,0.374092892443375,0.277585010409438,0.301038062283737,2,2,2,2,2,2,2,4,3
241,0.321848126757792,0.2470506592644,0.217993079584775,3,3,3,3,3,3,3,3,5
242,0.446175391488524,0.358084663428175,0.356401384083045,3,2,2,3,2,2,3,2,2
243,1,0.933379597501735,0.934256055363322,1,1,1,1,1,1,1,1,1
244,0.963634680154165,0.730742539902845,0.719723183391003,1,1,1,1,1,1,1,2,4
245,0.99273156560688,0.749479528105482,0.750865051903114,1,1,1,1,1,1,1,1,1
246,0.704262682144883,0.600971547536433,0.595155709342561,2,2,2,2,2,2,2,2,2
247,0.216768324440689,0.182512144344205,0.179930795847751,2,2,2,2,2,2,2,2,2
248,0.449578129882756,0.377515614156836,0.391003460207612,3,3,3,3,3,3,4,3,3
249,0.761426372379949,0.586398334489938,0.602076124567474,4,4,4,1,1,2,5,6,4
250,0.926598071781577,0.667591950034698,0.671280276816609,1,1,2,1,1,1,3,3,4
251,0.690015161861553,0.506592643997224,0.515570934256055,3,3,3,2,2,3,4,4,3
252,0.802351824631659,0.533657182512144,0.529411764705882,1,2,3,1,1,1,5,5,5
253,0.908426985798775,0.707147814018043,0.716262975778547,1,1,2,1,1,1,2,3,3
254,0.999050936910452,0.765440666204025,0.768166089965398,1,1,1,1,1,1,1,1,2
255,1,0.897987508674532,0.916955017301038,1,1,1,1,1,1,1,1,1
256,0.522227751993611,0.349063150589868,0.335640138408304,5,5,4,2,2,3,6,6,5
257,0.989375122973114,0.856349757113116,0.847750865051903,1,1,1,1,1,1,1,1,2
258,0.929838775014178,0.700902151283831,0.719723183391003,1,2,1,1,1,1,2,2,3
259,0.733579472459809,0.590562109646079,0.57439446366782,2,2,2,2,2,2,2,2,2
260,0.478559275934306,0.329632199861208,0.339100346020761,2,2,2,2,2,2,3,3,3
261,0.586474693579935,0.45940319222762,0.470588235294118,3,3,3,3,3,3,4,3,4
262,0.878786125160588,0.724496877168633,0.71280276816609,1,2,3,1,1,1,3,4,4
263,0.836494947975139,0.580152671755725,0.570934256055363,2,2,2,1,1,1,3,3,7
264,0.44605965208736,0.350451075641915,0.370242214532872,3,3,2,2,2,2,3,3,2
265,0.229511232508883,0.188063844552394,0.173010380622837,4,4,3,3,3,3,4,5,3
266,0.600965266605711,0.385149201943095,0.404844290657439,3,3,3,2,2,3,3,3,3
267,1,0.902845246356697,0.896193771626298,1,1,1,1,1,1,1,1,1
268,0.382021041423132,0.269257460097155,0.273356401384083,2,2,2,2,2,2,2,2,3
269,0.172671612597076,0.120055517002082,0.114186851211073,3,3,3,3,3,3,3,3,3
270,0.957500491892455,0.77029840388619,0.754325259515571,1,1,1,1,1,1,1,1,3
271,0.84788370504971,0.604441360166551,0.595155709342561,2,2,2,1,2,2,2,2,4
272,0.971088297589148,0.6294240111034,0.636678200692042,1,1,1,1,1,1,1,1,4
273,0.590571868381153,0.464954892435808,0.470588235294118,3,3,3,2,2,2,3,3,5
274,0.454878994456083,0.31852879944483,0.321799307958477,3,4,4,3,3,3,4,4,5
275,0.965474936632678,0.819569743233865,0.813148788927336,1,1,1,1,1,1,1,1,2
276,0.548963553662573,0.400416377515614,0.42560553633218,3,3,2,2,2,2,3,3,3
277,0.333074848670733,0.269951422623178,0.290657439446367,2,2,2,2,2,2,2,2,2
278,0.88137868774667,0.703678001387925,0.705882352941177,2,2,3,1,1,1,3,3,4
279,0.835765789747804,0.686328938237335,0.657439446366782,2,2,2,2,2,2,3,3,6
280,0.590108910776496,0.426092990978487,0.453287197231834,3,3,3,2,2,2,3,4,4
281,0.942280760639344,0.824427480916031,0.799307958477509,1,2,2,1,1,1,2,2,4
282,0.948241339799308,0.693962526023595,0.653979238754325,1,1,2,1,1,1,2,2,4
283,0.618777560444902,0.456627342123525,0.463667820069204,2,2,2,2,2,2,2,2,2
284,0.91798706033495,0.652324774462179,0.647058823529412,2,2,2,1,2,2,2,2,2
285,0.840059721531001,0.549618320610687,0.56401384083045,2,2,2,2,2,2,2,2,4
286,0.234626914040347,0.179042331714087,0.186851211072664,5,4,4,3,4,4,5,4,4
287,0.245078181965487,0.170020818875781,0.176470588235294,2,2,2,2,2,2,2,2,2
288,0.956620872443606,0.825121443442054,0.785467128027682,1,1,1,1,1,1,2,2,3
289,0.468883461996968,0.28383067314365,0.29757785467128,3,4,5,3,3,3,7,6,5
290,0.194627376997951,0.136710617626648,0.13840830449827,2,2,2,2,2,2,2,2,2
291,0.999409729054062,0.827203331020125,0.816608996539792,1,1,1,1,1,1,1,1,1
292,0.789551046862884,0.609299097848716,0.608996539792388,2,2,2,2,2,2,2,2,3
293,0.122892096156294,0.0798056904927134,0.069204152249135,2,2,2,2,2,2,3,2,2
294,0.246594368120739,0.192227619708536,0.211072664359862,3,3,3,3,3,3,3,3,3
295,0.238805106422379,0.201943095072866,0.211072664359862,2,2,2,2,2,2,2,2,3
296,0.983530283214315,0.802914642609299,0.802768166089965,1,1,1,1,1,1,1,1,2
297,1,0.837612768910479,0.820069204152249,1,1,1,1,1,1,1,1,1
298,0.962616173423919,0.870229007633588,0.847750865051903,1,1,2,1,1,1,2,2,2
299,0.993310262612701,0.747397640527412,0.726643598615917,1,1,1,1,1,1,1,1,2
300,0.80776842860615,0.667591950034698,0.667820069204152,3,2,2,2,2,2,4,3,3
301,0.514623673337114,0.312283136710618,0.342560553633218,5,6,4,2,2,3,7,8,5
302,0.889179523385146,0.758501040943789,0.768166089965398,2,2,3,1,1,1,3,3,4
303,0.872860267820974,0.648854961832061,0.657439446366782,2,2,2,1,1,1,2,2,4
304,0.944803879584727,0.73351839000694,0.750865051903114,1,1,1,1,1,1,1,1,5
305,0.807837872246849,0.633587786259542,0.647058823529412,2,2,2,2,2,2,2,2,2
306,0.294753532945221,0.252602359472588,0.245674740484429,2,2,2,2,2,2,2,2,2
307,1,0.850104094378904,0.858131487889273,1,1,1,1,1,1,1,1,1
308,0.615745188134397,0.41707147814018,0.401384083044983,4,4,4,2,3,3,5,6,7
309,1,0.846634281748786,0.844290657439446,1,1,1,1,1,1,1,1,1
310,0.991273249152209,0.828591256072172,0.826989619377163,1,1,1,1,1,1,1,1,2
311,0.408201293966505,0.310201249132547,0.27681660899654,2,2,2,2,2,2,2,4,6
312,0.26892049860534,0.162387231089521,0.15916955017301,2,2,2,2,2,2,2,3,2
313,0.331963750419555,0.249826509368494,0.249134948096886,3,3,3,3,3,3,5,3,3
314,0.52976238700941,0.384455239417071,0.363321799307958,3,4,4,2,2,2,6,5,4
315,0.995972268839481,0.88410825815406,0.896193771626298,1,1,1,1,1,1,1,1,1
316,0.793567204083286,0.621790423317141,0.636678200692042,3,3,3,2,2,3,3,3,3
317,1,0.940319222761971,0.944636678200692,1,1,1,1,1,1,1,1,1
318,0.679656485457344,0.559333795975017,0.55363321799308,3,3,3,3,3,3,3,4,4
319,1,0.899375433726579,0.923875432525952,1,1,1,1,1,1,1,1,1
320,0.258399787039502,0.216516308119362,0.207612456747405,2,2,2,2,2,2,2,2,2
321,0.584206201317114,0.439278278972935,0.453287197231834,2,2,2,2,2,2,2,2,4
322,0.819608569345262,0.680777238029146,0.664359861591695,2,2,2,2,2,2,2,2,2
323,0.876610224418699,0.810548230395559,0.837370242214533,2,2,2,2,2,2,2,2,2
324,0.531290147104779,0.40735600277585,0.422145328719723,3,4,3,2,2,2,3,4,4
325,0.164500410874874,0.13324080499653,0.117647058823529,2,2,2,2,2,2,2,2,2
326,0.389601972199396,0.276197085357391,0.294117647058824,2,2,3,2,2,2,4,3,3
327,0.447483246721681,0.331714087439278,0.332179930795848,3,3,3,3,3,3,4,4,6
328,0.293110033448687,0.164469118667592,0.169550173010381,4,4,6,3,3,3,5,6,6
329,1,0.906315058986815,0.920415224913495,1,1,1,1,1,1,1,1,1
330,0.610907281165727,0.451075641915337,0.463667820069204,3,3,3,2,2,2,4,4,4
331,0.964120785639055,0.775156141568355,0.761245674740484,1,1,1,1,1,1,1,1,3
332,0.716253284105508,0.623178348369188,0.647058823529412,2,2,2,2,2,2,3,3,2
333,1,0.863289382373352,0.858131487889273,1,1,1,1,1,1,1,1,1
334,0.348086249001748,0.235947258848022,0.245674740484429,3,3,4,3,3,3,4,4,4
335,0.760639344452032,0.648854961832061,0.650519031141868,3,3,3,2,2,2,3,3,4
336,0.839828242728672,0.668285912560722,0.650519031141868,2,2,2,2,2,2,3,3,3
337,0.33950995937547,0.271339347675226,0.259515570934256,2,2,2,2,2,2,2,2,2
338,0.988970035069039,0.891741845940319,0.903114186851211,1,1,1,1,1,1,1,1,1
339,0.972176247960093,0.767522553782096,0.792387543252595,1,1,1,1,1,1,1,1,2
340,0.842953206560109,0.646079111727967,0.660899653979239,2,3,3,1,1,2,3,3,4
341,0.228967257323411,0.124913254684247,0.121107266435986,2,2,2,2,2,2,2,2,2
342,0.144292311431581,0.0999306037473976,0.110726643598616,2,2,2,2,2,2,2,2,2
343,0.339787733938265,0.200555170020819,0.221453287197232,4,4,4,3,3,3,4,4,5
344,0.248399902778903,0.142956280360861,0.152249134948097,2,2,2,2,2,2,2,2,3
345,0.409902663163621,0.329632199861208,0.346020761245675,3,4,5,3,3,3,6,6,6
346,0.778717838913901,0.556557945870923,0.56401384083045,3,4,3,1,1,2,4,4,4
347,0.824296015092418,0.738376127689105,0.740484429065744,2,2,2,2,2,2,3,2,2
348,0.546359417136376,0.412907702984039,0.418685121107266,3,2,2,3,2,2,5,3,5
349,0.0984479346303862,0.0520471894517696,0.055363321799308,2,2,2,2,2,2,2,2,3
350,0.336246108262636,0.228313671061763,0.235294117647059,3,3,3,3,3,3,3,3,4
351,0.378039606023078,0.22206800832755,0.231833910034602,5,5,6,3,3,3,8,8,9
352,0.629275124130508,0.488549618320611,0.480968858131488,2,2,2,2,2,2,2,2,3
353,0.780210877188921,0.693268563497571,0.698961937716263,3,3,4,2,2,2,4,4,4
354,0.783139084038379,0.710617626648161,0.71280276816609,2,2,2,2,2,2,3,3,3
355,0.580305783497876,0.347675225537821,0.339100346020761,4,5,5,3,3,3,6,6,7
356,0.821333086422611,0.603747397640527,0.615916955017301,2,2,2,1,1,1,2,4,7
357,0.131491533662805,0.0867453157529493,0.100346020761246,2,2,2,2,2,2,3,3,3
358,0.582400666658951,0.406662040249826,0.429065743944637,5,6,5,4,4,4,5,6,5
359,0.309128366569831,0.23941707147814,0.245674740484429,2,2,2,2,2,2,2,2,3
360,0.541081700443282,0.40735600277585,0.429065743944637,3,3,3,3,3,3,4,5,5
361,1,0.86675919500347,0.85121107266436,1,1,1,1,1,1,1,1,1
362,0.973426233492668,0.768910478834143,0.771626297577855,1,1,2,1,1,1,1,1,3
363,0.430874642654599,0.267175572519084,0.280276816608997,2,2,2,2,2,2,2,2,3
364,0.643939306258029,0.378209576682859,0.380622837370242,2,2,3,2,2,3,7,7,6
365,0.652897535908149,0.471894517696044,0.477508650519031,4,4,4,1,2,3,5,6,7
366,0.902269649656833,0.663428174878557,0.671280276816609,2,2,2,2,2,2,2,2,2
367,0.553245911505654,0.466342817487856,0.44636678200692,3,3,3,2,2,3,3,3,3
368,0.284834666265437,0.158917418459403,0.176470588235294,4,4,4,3,3,3,5,6,7
369,1,0.840388619014573,0.847750865051903,1,1,1,1,1,1,1,1,1
370,0.900116896795176,0.707147814018043,0.688581314878893,2,2,3,1,1,1,3,3,4
371,0.372750315389868,0.216516308119362,0.211072664359862,3,3,3,3,3,3,3,4,5
372,0.32412819296073,0.231089521165857,0.235294117647059,3,3,3,3,3,3,3,3,3
373,0.378190067244592,0.342817487855656,0.346020761245675,3,3,3,3,3,3,3,3,3
374,0.200240737954422,0.117279666897988,0.14878892733564,4,4,4,3,3,3,6,5,5
375,1,0.947258848022207,0.951557093425606,1,1,1,1,1,1,1,1,1
376,0.39156954201919,0.314365024288688,0.318339100346021,3,2,3,2,2,2,3,3,4
377,0.169037395400516,0.108952116585704,0.121107266435986,2,2,2,2,2,2,2,2,2
378,0.645119848149906,0.535045107564192,0.570934256055363,2,2,2,2,2,2,2,2,3
379,0.490607747595514,0.324080499653019,0.346020761245675,2,3,3,2,2,2,3,3,3
380,0.176687769817479,0.116585704371964,0.1280276816609,3,3,3,3,3,3,3,3,3
381,0.893427159407877,0.603747397640527,0.629757785467128,2,2,2,1,1,2,2,3,4
382,0.870811680420365,0.80499653018737,0.809688581314879,2,2,2,1,1,1,2,3,3
383,1,0.916724496877169,0.899653979238754,1,1,1,1,1,1,1,1,1
384,0.185032580641428,0.111727966689799,0.114186851211073,3,3,3,3,3,3,4,5,4
385,0.138204418930336,0.0902151283830673,0.0795847750865052,4,4,4,3,4,4,4,4,4
386,0.471256119720837,0.33587786259542,0.349480968858132,3,2,2,2,2,2,3,3,3
387,1,0.960444136016655,0.944636678200692,1,1,1,1,1,1,1,1,1
388,0.987685327716114,0.700902151283831,0.636678200692042,1,1,1,1,1,1,1,1,2
389,0.76369486464277,0.580152671755725,0.567474048442907,2,2,2,2,2,2,2,3,4
390,0.983044177729424,0.834836918806384,0.837370242214533,1,1,1,1,1,1,1,1,2
391,0.866841818960429,0.78001387925052,0.792387543252595,2,2,2,2,2,2,2,2,2
392,0.592296385458502,0.436502428868841,0.439446366782007,2,2,2,2,2,2,2,2,2
393,0.655744725176792,0.439972241498959,0.44636678200692,5,4,4,2,2,2,5,4,4
394,0.923542551590838,0.751561415683553,0.771626297577855,2,2,2,1,1,1,2,2,2
395,1,0.965995836224844,0.968858131487889,1,1,1,1,1,1,1,1,1
396,0.741241420816889,0.542678695350451,0.546712802768166,2,2,2,2,2,2,2,2,3
397,0.706774227150149,0.603053435114504,0.608996539792388,2,2,2,2,2,2,2,2,2
398,0.581821969653129,0.383067314365024,0.391003460207612,3,3,5,2,2,3,5,5,7
399,0.341512251015613,0.231089521165857,0.256055363321799,3,3,3,2,3,3,4,4,5
400,0.998414370204049,0.857737682165163,0.889273356401384,1,1,1,1,1,1,1,1,1
401,0.919850464693696,0.835530881332408,0.802768166089965,1,2,2,1,1,1,2,2,3
402,0.886239742595572,0.784177654406662,0.768166089965398,2,2,3,1,1,2,3,3,3
403,0.960393976921563,0.728660652324775,0.695501730103806,1,1,1,1,1,1,1,1,3
404,0.989247809631833,0.820263705759889,0.830449826989619,1,1,1,1,1,1,1,1,1
405,0.655883612458189,0.453851492019431,0.449826989619377,4,4,4,2,3,3,5,5,6
406,0.834214881772202,0.494101318528799,0.529411764705882,2,2,3,1,2,2,4,3,4
407,0.75126445295772,0.536433032616239,0.57439446366782,2,3,2,2,2,2,3,3,2
408,0.49561926366593,0.329632199861208,0.328719723183391,2,2,2,2,2,2,4,3,3
409,0.300146989039479,0.20471894517696,0.197231833910035,4,5,6,3,3,3,6,8,8
410,0.483941158088448,0.342123525329632,0.342560553633218,2,2,5,2,2,2,4,5,6
411,0.489253596601891,0.378903539208883,0.391003460207612,2,2,2,2,2,2,2,2,2
412,0.717086607793891,0.562109646079112,0.581314878892734,3,3,2,2,2,2,5,5,5
413,0.973530398953716,0.774462179042332,0.806228373702422,1,1,1,1,1,1,1,1,2
414,0.293735026214974,0.233865371269951,0.235294117647059,2,2,2,2,2,2,2,2,2
415,0.540479855557227,0.455933379597502,0.442906574394464,3,2,2,2,2,2,3,2,2
416,0.99071770002662,0.888965995836225,0.878892733564014,1,1,1,1,1,1,1,1,1
417,0.274267658939133,0.176960444136017,0.179930795847751,2,3,3,2,2,2,3,3,3
418,0.249186930706821,0.160999306037474,0.15916955017301,2,2,2,2,2,2,2,2,2
419,0.774898438675478,0.636363636363636,0.615916955017301,2,2,4,2,2,2,2,3,4
420,0.935394266270066,0.709923664122137,0.71280276816609,2,2,2,1,1,2,2,2,2
421,0.997106514970892,0.726578764746704,0.705882352941177,1,1,1,1,1,1,1,1,2
422,1,0.809854267869535,0.816608996539792,1,1,1,1,1,1,1,1,1
423,0.207405006886494,0.135322692574601,0.107266435986159,4,4,3,4,4,3,4,4,3
424,0.5053876691242,0.380985426786954,0.363321799307958,2,2,2,2,2,2,2,2,3
425,0.734817884052268,0.451075641915337,0.418685121107266,3,3,3,2,2,2,3,5,5
426,0.836413930394324,0.659958362248439,0.671280276816609,2,2,2,2,2,2,2,3,3
427,0.900672445920765,0.678001387925052,0.678200692041522,2,2,3,1,1,1,2,3,3
428,0.900278931956806,0.62734212352533,0.636678200692042,1,1,2,1,1,1,3,3,3
429,0.764724945313133,0.677307425399028,0.664359861591695,2,2,2,2,2,2,2,2,2
430,0.429485769840627,0.272727272727273,0.301038062283737,3,4,4,2,2,2,4,4,4
431,0.40283098575248,0.265093684941013,0.259515570934256,2,2,2,2,2,2,2,2,3
432,0.217821552991285,0.17765440666204,0.186851211072664,2,2,2,2,2,2,2,2,2
433,0.635548199673615,0.494101318528799,0.491349480968858,2,2,2,2,2,2,3,3,3
434,0.515468570965614,0.384455239417071,0.394463667820069,4,4,4,3,3,3,4,4,5
435,0.657457668314024,0.460791117279667,0.442906574394464,3,3,3,2,2,2,3,3,3
436,0.362044420782167,0.258848022206801,0.249134948096886,4,5,3,3,3,2,6,6,6
437,0.822340019212741,0.616238723108952,0.626297577854671,3,3,4,1,1,1,4,4,5
438,0.586092753556093,0.475364330326162,0.494809688581315,2,2,2,2,2,2,2,2,2
439,0.243307369127672,0.160999306037474,0.183391003460208,2,2,2,2,2,2,3,3,3
440,1,0.954198473282443,0.948096885813149,1,1,1,1,1,1,1,1,1
441,0.308931609587852,0.20471894517696,0.221453287197232,3,2,2,2,2,2,3,2,3
442,0.680212034582933,0.467730742539903,0.480968858131488,2,2,2,2,2,2,2,2,3
443,0.159465746924225,0.108258154059681,0.124567474048443,2,2,2,2,2,2,3,2,2
444,0.592412124859666,0.404580152671756,0.394463667820069,3,3,2,3,3,2,3,3,3
445,0.533408178146086,0.421929215822346,0.43598615916955,5,5,5,4,4,4,6,7,6
446,0.877281512945452,0.632893823733518,0.615916955017301,2,2,2,1,1,1,2,2,4
447,0.66662422888624,0.46148507980569,0.474048442906574,3,3,3,2,3,3,5,4,5
448,0.473304707121445,0.347675225537821,0.342560553633218,3,3,4,3,3,3,5,5,5
449,1,0.916724496877169,0.920415224913495,1,1,1,1,1,1,1,1,1
450,0.655941482158771,0.449687716863289,0.42560553633218,4,4,4,2,2,2,4,4,5
451,0.577203967546672,0.360860513532269,0.384083044982699,2,2,3,2,2,2,3,4,5
452,0.702491869307068,0.457321304649549,0.494809688581315,2,3,3,2,2,2,3,3,3
453,0.437842154604692,0.376127689104788,0.394463667820069,2,2,2,2,2,2,2,2,2
454,0.928507771900788,0.68910478834143,0.698961937716263,1,1,1,1,1,1,1,1,3
455,0.98442147660328,0.923664122137405,0.923875432525952,1,1,1,1,1,1,1,1,1
456,0.107047372136897,0.0791117279666898,0.0657439446366782,2,2,2,2,2,2,2,2,2
457,0.875823196490781,0.660652324774462,0.660899653979239,2,2,2,1,1,2,2,2,4
458,0.996192173701693,0.861207494795281,0.882352941176471,1,1,1,1,1,1,1,1,1
459,0.766299001168968,0.648854961832061,0.664359861591695,2,2,2,2,2,2,2,2,3
460,0.992442217103969,0.840388619014573,0.826989619377163,1,1,1,1,1,1,1,1,1
461,0.366789736229905,0.287994448299792,0.29757785467128,2,2,2,2,2,2,2,2,2
462,0.322021735859539,0.253990284524636,0.238754325259516,2,2,2,2,2,2,2,2,3
463,0.856402124975405,0.655794587092297,0.664359861591695,2,2,2,2,2,2,2,2,2
464,0.822895568338329,0.672449687716863,0.705882352941177,2,2,2,2,2,2,2,2,3
465,0.880603233758869,0.789729354614851,0.782006920415225,2,2,2,1,2,2,3,2,2
466,0.398421314568118,0.346981263011797,0.321799307958477,2,2,2,2,2,2,2,2,3
467,0.507077464381199,0.353920888272033,0.377162629757785,3,4,3,3,3,3,4,4,5
468,0.728116572724853,0.505204718945177,0.522491349480969,2,2,2,2,2,2,3,4,4
469,0.924804111063529,0.693962526023595,0.709342560553633,1,2,2,1,1,2,2,2,3
470,0.669043182370574,0.541290770298404,0.55363321799308,2,2,3,2,2,2,3,4,4
471,0.71001493038275,0.662040249826509,0.674740484429066,2,2,2,2,2,2,4,4,2
472,0.252821147903381,0.185981956974323,0.186851211072664,3,3,3,2,2,2,3,3,3
473,0.372785037210217,0.256072172102706,0.256055363321799,3,3,4,3,3,3,3,3,6
474,0.478593997754656,0.269257460097155,0.224913494809689,4,3,4,3,3,3,4,5,10
475,0.94979224777491,0.773074253990285,0.782006920415225,2,2,2,1,1,1,2,2,2
476,0.816437309753359,0.615544760582929,0.588235294117647,2,2,2,2,2,2,2,2,2
477,0.318943067788567,0.221374045801527,0.259515570934256,2,2,2,2,2,2,2,2,2
478,0.98656265552482,0.836918806384455,0.858131487889273,1,1,1,1,1,1,1,1,2
479,0.566104558975012,0.366412213740458,0.401384083044983,3,3,4,2,2,3,6,6,7
480,0.821622434925522,0.584316446911867,0.577854671280277,2,2,2,2,2,2,3,3,3
481,0.586474693579935,0.417765440666204,0.384083044982699,4,4,3,3,3,3,4,4,5
482,0.904422402518489,0.753643303261624,0.775086505190311,2,2,2,1,1,2,3,2,2
483,0.373317438455573,0.249826509368494,0.26643598615917,3,3,4,3,3,3,4,4,5
484,0.440978692376246,0.250520471894518,0.221453287197232,3,3,2,2,2,2,4,4,5
485,0.330598025485816,0.256072172102706,0.262975778546713,2,2,2,2,2,2,2,2,2
486,0.713961643962454,0.577376821651631,0.560553633217993,2,2,4,2,2,2,4,5,7
487,0.861378919225472,0.549618320610687,0.501730103806228,1,1,3,1,1,1,3,3,4
488,0.415122510156132,0.249826509368494,0.252595155709343,3,3,3,2,2,2,3,3,4
489,0.255541023830743,0.154059680777238,0.155709342560554,4,3,4,4,3,3,5,4,5
490,0.849804979109038,0.608605135322693,0.629757785467128,2,2,2,2,2,2,2,3,5
491,0.926817976643789,0.762664816099931,0.795847750865052,2,2,2,1,1,1,2,2,2
492,0.526625849237856,0.452463566967384,0.453287197231834,4,4,4,2,2,3,4,4,4
493,0.685802247659171,0.510062456627342,0.505190311418685,3,4,4,1,1,2,4,5,8
494,1,0.868841082581541,0.892733564013841,1,1,1,1,1,1,1,1,1
495,0.599055566486499,0.519777931991672,0.494809688581315,2,2,2,2,2,2,2,2,2
496,0.976250274881078,0.84941013185288,0.837370242214533,1,1,1,1,1,1,2,2,2
497,1,0.85912560721721,0.868512110726644,1,1,1,1,1,1,1,1,1
498,1,0.910478834142956,0.910034602076125,1,1,1,1,1,1,1,1,1
499,0.29180217821553,0.22970159611381,0.217993079584775,3,3,3,2,2,3,3,4,4
500,0.426071457506279,0.26439972241499,0.29757785467128,3,3,3,3,3,3,3,4,4
501,1,0.866065232477446,0.865051903114187,1,1,1,1,1,1,1,1,2
502,0.602909688545271,0.547536433032616,0.529411764705882,2,2,2,2,2,2,2,2,2
503,0.43661531695235,0.271339347675226,0.242214532871972,5,3,4,2,2,2,7,5,7
504,0.840707862177521,0.68910478834143,0.678200692041522,2,2,3,1,1,1,4,5,7
505,0.308075138019236,0.246356696738376,0.231833910034602,2,3,4,2,2,3,4,4,4
506,0.169801275448201,0.122137404580153,0.110726643598616,2,2,2,2,2,2,2,2,2
507,0.732641983310378,0.489937543372658,0.487889273356401,3,3,3,2,2,2,5,4,3
508,0.283110149188088,0.237335183900069,0.228373702422145,2,2,2,2,2,2,2,2,3
509,0.247358248168424,0.198473282442748,0.204152249134948,4,3,3,3,3,3,4,3,4
510,1,0.870229007633588,0.920415224913495,1,1,1,1,1,1,1,1,1
511,0.0988530225344614,0.0700902151283831,0.055363321799308,2,2,2,2,2,2,2,2,3
512,0.11583199268527,0.080499653018737,0.0865051903114187,2,2,2,2,2,2,2,2,2
513,0.579738660432171,0.443442054129077,0.422145328719723,3,3,3,2,2,3,3,3,3
514,0.711727873519982,0.478140180430257,0.508650519031142,3,3,3,2,3,3,5,5,5
515,0.816194257010914,0.709229701596114,0.70242214532872,3,3,3,2,2,2,4,4,4
516,0.562493489658685,0.406662040249826,0.373702422145329,2,2,3,2,2,2,3,3,4
517,0.920105091376257,0.750173490631506,0.743944636678201,2,2,2,1,1,2,2,2,2
518,0.73883404127267,0.52116585704372,0.543252595155709,2,2,3,2,2,2,3,4,3
519,0.676832444068934,0.47675225537821,0.470588235294118,2,2,2,2,2,2,3,3,2
520,0.333167440191664,0.221374045801527,0.193771626297578,2,2,3,2,2,2,3,3,5
521,0.932165136977581,0.703678001387925,0.692041522491349,1,1,1,1,1,1,1,1,3
522,1,0.946564885496183,0.944636678200692,1,1,1,1,1,1,1,1,1
523,0.499971065149709,0.404580152671756,0.41522491349481,3,3,3,3,3,3,4,4,3
524,0.597435214870198,0.431644691186676,0.41522491349481,3,3,3,3,3,3,4,6,9
525,0.971273480631011,0.759195003469813,0.764705882352941,1,1,1,1,1,1,1,2,3
526,0.950301501140033,0.732130464954892,0.726643598615917,1,1,2,1,1,1,1,2,2
527,0.735107232555179,0.584316446911867,0.560553633217993,2,2,2,2,2,2,2,2,3
528,0.438744921933774,0.347675225537821,0.335640138408304,2,2,2,2,2,2,3,2,2
529,0.972118378259511,0.851492019430951,0.86159169550173,1,1,1,1,1,1,1,1,2
530,0.977048876749112,0.83206106870229,0.823529411764706,1,1,1,1,1,1,1,1,2
531,0.532632724158285,0.449687716863289,0.456747404844291,2,2,2,2,2,2,2,2,2
532,1,0.959056210964608,0.958477508650519,1,1,1,1,1,1,1,1,1
533,0.283249036469485,0.224149895905621,0.228373702422145,3,3,3,3,3,3,3,3,3
534,0.40114119049548,0.340041637751561,0.346020761245675,4,4,4,3,3,3,5,5,4
535,0.240471753799146,0.15822345593338,0.14878892733564,4,4,3,3,3,2,4,4,3
536,0.336396569484149,0.213740458015267,0.186851211072664,2,2,2,2,2,2,2,3,5
537,0.427078390296409,0.34559333795975,0.332179930795848,2,2,2,2,2,2,2,2,3
538,1,0.904927133934768,0.896193771626298,1,1,1,1,1,1,1,1,1
539,0.994004699019687,0.85704371963914,0.858131487889273,1,1,1,1,1,1,1,1,1
540,0.884272172775778,0.685634975711312,0.688581314878893,1,1,2,1,1,1,2,3,4
541,0.22848115183852,0.147814018043026,0.131487889273356,5,5,3,3,3,2,7,6,3
542,0.61573361419428,0.426092990978487,0.411764705882353,3,3,3,3,3,3,3,3,4
543,0.999560190275576,0.855655794587092,0.86159169550173,1,1,1,1,1,1,1,1,2
544,0.479577782664552,0.320610687022901,0.356401384083045,3,5,4,2,3,3,6,5,5
545,0.896077591694541,0.70853573907009,0.750865051903114,2,2,3,1,1,2,2,2,3
546,0.297531278573165,0.22206800832755,0.238754325259516,2,2,2,2,2,2,2,2,2
547,0.189743174268816,0.156835530881332,0.179930795847751,2,2,2,2,2,2,2,2,2
548,0.39322461545584,0.294240111034004,0.283737024221453,3,3,2,2,2,2,3,3,2
549,0.184037221791414,0.154059680777238,0.145328719723183,2,2,2,2,2,2,3,3,4
550,0.492170229511233,0.31852879944483,0.314878892733564,4,4,5,2,2,3,4,4,6
551,0.91435284313839,0.60999306037474,0.633217993079585,1,1,2,1,1,1,2,2,3
552,0.812536891934121,0.702984038861901,0.737024221453287,2,2,2,2,2,2,3,3,3
553,0.750755199592597,0.58501040943789,0.55363321799308,3,3,3,2,2,3,3,3,6
554,0.271478339371072,0.219292158223456,0.228373702422145,2,2,2,2,2,2,2,2,2
555,0.181861321049525,0.108952116585704,0.100346020761246,3,3,3,2,2,2,3,3,3
556,0.713406094836865,0.439278278972935,0.44636678200692,2,2,2,2,2,2,3,4,7
557,0.870973715581996,0.737682165163081,0.716262975778547,2,2,2,2,2,2,2,2,2
558,0.316119026400157,0.172796668979875,0.179930795847751,3,3,3,3,3,3,4,4,5
559,0.194754690339232,0.151283830673144,0.14878892733564,2,2,2,2,2,2,2,2,2
560,1,0.798750867453157,0.795847750865052,1,1,1,1,1,1,1,1,1
561,0.080647214731311,0.0603747397640527,0.069204152249135,2,2,2,2,2,2,2,2,2
562,1,0.892435808466343,0.899653979238754,1,1,1,1,1,1,1,1,1
563,0.813300771981806,0.62734212352533,0.619377162629758,2,3,3,2,2,2,3,3,5
564,0.413305401557852,0.359472588480222,0.366782006920415,2,2,2,2,2,2,2,3,3
565,0.952396384301108,0.702290076335878,0.681660899653979,1,1,1,1,1,1,1,1,4
566,0.231363062927512,0.147814018043026,0.134948096885813,2,3,4,2,2,2,4,4,6
567,0.345389520954619,0.224149895905621,0.211072664359862,3,3,3,2,2,2,4,4,5
568,0.438698626173308,0.313671061762665,0.29757785467128,3,3,3,3,3,3,3,3,4
569,0.977210911910742,0.825121443442054,0.813148788927336,1,1,1,1,1,1,1,1,3
570,0.597354197289383,0.449687716863289,0.418685121107266,2,2,3,2,2,2,2,2,3
571,0.64273561648592,0.531575294934074,0.522491349480969,2,3,3,2,2,2,5,4,3
572,0.556590780199303,0.357390700902151,0.366782006920415,5,5,5,4,4,4,5,5,5
573,0.427738104883045,0.31852879944483,0.314878892733564,3,3,3,3,3,3,4,4,4
574,0.66928623511302,0.448299791811242,0.442906574394464,3,3,3,3,3,3,4,4,6
575,0.918577331280888,0.879944482997918,0.875432525951557,2,2,2,1,1,2,2,2,2
576,0.087371673938959,0.0673143650242887,0.069204152249135,3,2,2,3,2,2,3,2,2
577,0.640328236941702,0.527411519777932,0.484429065743945,3,3,3,3,3,3,4,5,6
578,0.439138435897733,0.365718251214434,0.366782006920415,4,4,5,3,3,3,5,5,5
579,0.901227995046354,0.591256072172103,0.622837370242215,2,2,2,1,1,2,2,2,2
580,0.661612712815824,0.384455239417071,0.394463667820069,3,3,3,2,2,2,4,5,7
581,0.659980787259407,0.519083969465649,0.491349480968858,2,2,2,2,2,2,2,2,2
582,1,0.936155447605829,0.885813148788927,1,1,1,1,1,1,1,1,1
583,0.819446534183632,0.632199861207495,0.612456747404844,3,3,3,1,1,3,3,3,3
584,0.750662608071666,0.560027758501041,0.577854671280277,3,3,3,2,2,2,4,4,3
585,0.914561174060485,0.700902151283831,0.709342560553633,1,1,3,1,1,1,2,3,3
586,1,0.879944482997918,0.885813148788927,1,1,1,1,1,1,1,1,1
587,0.982465480723603,0.755725190839695,0.709342560553633,1,1,1,1,1,1,1,2,2
588,0.368143887223528,0.240111034004164,0.238754325259516,2,2,2,2,2,2,2,2,2
589,0.23912917674564,0.143650242886884,0.152249134948097,4,4,3,3,3,3,4,4,4
590,0.806854087336952,0.730742539902845,0.747404844290657,2,2,2,2,2,2,3,2,3
591,0.645976319718522,0.446911866759195,0.42560553633218,3,3,3,2,2,2,6,6,5
592,0.266918206965197,0.199167244968772,0.200692041522491,4,5,5,3,3,3,6,5,6
593,0.89163319868983,0.628730048577377,0.615916955017301,2,2,2,1,2,2,2,2,2
594,1,0.875780707841777,0.920415224913495,1,1,1,1,1,1,1,1,1
595,0.992824157127811,0.770992366412214,0.775086505190311,1,1,1,1,1,1,1,1,1
596,0.505700165507344,0.391394864677307,0.41522491349481,2,3,3,2,2,2,4,4,5
597,0.720558789828821,0.607217210270645,0.598615916955017,2,2,2,2,2,2,3,3,3
598,0.742294649367484,0.493407356002776,0.498269896193772,3,3,4,1,3,3,5,5,4
599,0.466198307889955,0.325468424705066,0.318339100346021,2,2,2,2,2,2,3,4,4
600,0.758162521267115,0.606523247744622,0.567474048442907,2,2,3,2,2,3,3,3,4
601,0.824620085415678,0.608605135322693,0.612456747404844,2,3,4,1,1,1,2,4,4
602,0.779979398386593,0.71616932685635,0.709342560553633,2,2,2,2,2,2,2,2,2
603,0.183527968426291,0.144344205412908,0.141868512110727,2,2,2,2,2,2,2,2,2
604,0.539912732491522,0.455933379597502,0.467128027681661,3,3,3,3,3,3,3,4,3
605,0.258932188284858,0.174878556557946,0.179930795847751,2,2,2,2,2,2,2,2,2
606,0.999375007233713,0.811936155447606,0.830449826989619,1,1,1,1,1,1,1,1,1
607,0.388826518211595,0.333795975017349,0.307958477508651,2,2,2,2,2,2,3,3,3
608,0.953669517713915,0.715475364330326,0.740484429065744,1,2,2,1,1,1,1,2,2
609,0.283561532852629,0.182512144344205,0.166089965397924,3,3,2,2,2,2,5,4,6
610,0.420527540190507,0.290770298403886,0.318339100346021,3,3,2,2,2,2,3,3,3
611,0.8028032082962,0.665510062456627,0.660899653979239,3,3,3,1,1,1,5,5,6
612,0.626312195460701,0.526717557251908,0.515570934256055,3,3,3,3,3,3,4,4,4
613,0.0596636613002164,0.0409437890353921,0.0449826989619377,2,2,2,2,2,2,2,2,2
614,0.314371361442576,0.23941707147814,0.249134948096886,3,3,3,3,3,3,4,4,4
615,0.244927720743973,0.204024982650937,0.207612456747405,3,3,2,2,3,2,4,3,2
616,1,0.875780707841777,0.885813148788927,1,1,1,1,1,1,1,1,1
617,0.638198631960278,0.526717557251908,0.505190311418685,3,3,3,2,2,2,3,5,5
618,1,0.899375433726579,0.892733564013841,1,1,1,1,1,1,1,1,1
619,0.472401939792364,0.279666897987509,0.283737024221453,3,3,3,3,3,2,4,4,3
620,0.206386500156248,0.162387231089521,0.176470588235294,3,3,2,2,2,2,3,3,2
621,0.674344046943901,0.446217904233171,0.449826989619377,2,2,2,2,2,2,2,2,6
622,0.979896066017754,0.772380291464261,0.757785467128028,1,1,1,1,1,1,1,1,3
623,0.38491452645224,0.365024288688411,0.359861591695502,2,2,2,2,2,2,2,2,2
624,1,0.942401110340042,0.934256055363322,1,1,1,1,1,1,1,1,1
625,0.883242092105415,0.656488549618321,0.605536332179931,1,1,2,1,1,1,2,3,4
626,1,0.979875086745316,0.97923875432526,1,1,1,1,1,1,1,1,1
627,0.493154014421129,0.364330326162387,0.380622837370242,3,3,3,3,3,3,3,3,3
628,0.988750130206826,0.866065232477446,0.858131487889273,1,1,1,1,1,1,1,1,1
629,0.488327681392576,0.382373351839001,0.380622837370242,2,2,2,2,2,2,2,3,4
630,0.422286779088205,0.387231089521166,0.387543252595156,2,2,2,2,2,2,2,2,2
631,0.384497864608049,0.214434420541291,0.228373702422145,3,3,3,2,2,2,4,4,5
632,0.414323908288099,0.251214434420541,0.256055363321799,4,3,5,3,3,3,6,6,5
633,0.974942419647921,0.711311589174185,0.70242214532872,1,1,1,1,1,1,1,1,2
634,1,0.957668285912561,0.958477508650519,1,1,1,1,1,1,1,1,1
635,0.548604761518964,0.446911866759195,0.432525951557093,2,2,2,2,2,2,2,2,2
636,0.29430214928068,0.275503122831367,0.280276816608997,2,2,2,2,2,2,2,2,2
637,0.282276825499705,0.187369882026371,0.190311418685121,3,3,3,3,2,2,4,3,3
638,0.432506568211016,0.312283136710618,0.304498269896194,3,3,3,2,2,2,3,3,6
639,0.807999907408479,0.579458709229702,0.58477508650519,3,2,3,1,2,2,4,4,6
640,0.47870973715582,0.395558639833449,0.439446366782007,3,3,3,3,3,3,3,6,6
641,0.758127799446766,0.563497571131159,0.557093425605536,2,2,3,2,2,2,3,3,4
642,0.210888762861541,0.156141568355309,0.14878892733564,2,2,2,2,2,2,2,2,2
643,0.473663499265055,0.32824427480916,0.342560553633218,4,4,4,2,2,3,5,5,5
644,1,0.927133934767523,0.927335640138408,1,1,1,1,1,1,1,1,1
645,0.708545039987963,0.659958362248439,0.674740484429066,2,2,2,2,2,2,2,2,2
646,0.328121202300899,0.249826509368494,0.259515570934256,2,2,2,2,2,2,2,2,2
647,0.477089385539519,0.35322692574601,0.356401384083045,2,2,2,2,2,2,2,2,2
648,0.406083262925198,0.343511450381679,0.352941176470588,3,3,3,2,2,2,3,3,3
649,1,0.986120749479528,0.982698961937716,1,1,1,1,1,1,1,1,1
650,0.676820870128818,0.479528105482304,0.470588235294118,2,2,2,2,2,2,2,2,3
651,0.729042487934167,0.553782095766829,0.598615916955017,4,2,2,1,2,2,4,2,3
652,0.861344197405123,0.712005551700208,0.709342560553633,2,2,2,1,1,2,3,4,3
653,0.811854029467251,0.662040249826509,0.674740484429066,2,4,3,1,2,3,4,4,4
654,0.832733417437298,0.623178348369188,0.619377162629758,2,2,2,2,2,2,2,2,2
655,0.362252751704263,0.260929909784872,0.256055363321799,5,5,5,3,3,3,6,7,6
656,0.500202543952038,0.325468424705066,0.335640138408304,4,4,4,3,3,3,5,5,5
657,0.664066388120508,0.448299791811242,0.387543252595156,2,3,4,2,2,2,5,4,6
658,0.74629923264777,0.684247050659264,0.678200692041522,2,2,2,2,2,2,2,2,2
659,0.809689702665478,0.57529493407356,0.539792387543253,2,3,3,1,1,1,5,4,5
660,0.962755060705316,0.680083275503123,0.633217993079585,1,1,1,1,1,1,1,1,4
661,0.389335771576718,0.328938237335184,0.349480968858132,2,2,2,2,2,2,2,2,2
662,0.684598557887061,0.546842470506593,0.515570934256055,3,3,2,3,3,2,3,4,2
663,1,0.923664122137405,0.920415224913495,1,1,1,1,1,1,1,1,1
664,1,0.886190145732131,0.85121107266436,1,1,1,1,1,1,1,1,1
665,0.916864388143656,0.723108952116586,0.740484429065744,2,2,2,1,1,2,2,2,2
666,0.787872825546001,0.474670367800139,0.480968858131488,3,4,4,1,2,2,4,4,6
667,0.976898415527598,0.82234559333796,0.837370242214533,1,1,1,1,1,1,1,1,2
668,0.207370285066145,0.124913254684247,0.14878892733564,3,4,4,3,3,3,4,4,5
669,0.577400724528651,0.54059680777238,0.550173010380623,2,2,2,2,2,2,2,2,2
670,0.905927014733626,0.74323386537127,0.747404844290657,1,1,2,1,1,1,3,4,4
671,0.527436025046006,0.40735600277585,0.418685121107266,3,3,3,2,2,3,4,4,3
672,0.189106607562412,0.14087439278279,0.14878892733564,2,2,2,2,2,2,2,2,2
673,0.816321570352195,0.736294240111034,0.726643598615917,2,3,3,2,2,3,4,3,3
674,0.677943542320112,0.447605829285219,0.401384083044983,3,3,5,2,2,2,5,7,9
675,0.752988970035069,0.573213046495489,0.543252595155709,2,2,2,2,2,2,2,2,4
676,0.839168528142035,0.679389312977099,0.695501730103806,3,3,2,2,2,2,3,3,2
677,0.582852050323492,0.433032616238723,0.43598615916955,2,2,2,2,2,2,2,2,2
678,0.200414347056168,0.161693268563498,0.14878892733564,2,2,2,2,2,2,2,2,2
679,0.637978727098066,0.479528105482304,0.480968858131488,2,2,2,2,2,2,2,2,2
680,0.361037487992037,0.214434420541291,0.235294117647059,2,2,2,2,2,2,2,2,4
681,1,0.739764052741152,0.768166089965398,1,1,1,1,1,1,1,1,1
682,0.280390273260726,0.218598195697432,0.217993079584775,2,2,2,2,2,2,2,2,3
683,0.254985474705154,0.228313671061763,0.242214532871972,2,2,2,2,2,2,2,2,2
684,0.935938241455539,0.693268563497571,0.72318339100346,1,1,2,1,1,1,2,2,3
685,0.222208076295413,0.192921582234559,0.197231833910035,2,2,2,2,2,2,2,2,2
686,0.793752387125149,0.580152671755725,0.522491349480969,2,2,2,2,2,2,2,2,3
687,0.543477506047384,0.405968077723803,0.387543252595156,3,3,2,2,2,2,3,4,2
688,0.984803416627122,0.844552394170715,0.826989619377163,1,1,1,1,1,1,1,1,2
689,0.969190171410053,0.712005551700208,0.705882352941177,1,1,1,1,1,1,1,1,2
690,0.596474577840534,0.541984732824427,0.550173010380623,2,2,2,2,2,2,2,2,2
691,0.219164130044791,0.117279666897988,0.114186851211073,3,3,5,2,2,3,8,7,6
692,0.160310644552725,0.0756419153365718,0.0865051903114187,2,2,2,2,2,2,2,3,6
693,0.839573616046111,0.553088133240805,0.550173010380623,2,2,3,2,2,2,2,2,4
694,0.101480306940892,0.0700902151283831,0.069204152249135,2,2,2,2,2,2,2,2,2
695,0.293353086191132,0.194309507286607,0.183391003460208,3,3,3,2,2,2,3,4,5
696,0.213342438166225,0.163775156141568,0.176470588235294,2,2,2,2,2,2,2,2,2
697,0.334440573604472,0.231783483691881,0.224913494809689,2,2,3,2,2,2,3,3,3
698,0.921609703591394,0.775850104094379,0.806228373702422,1,2,2,1,1,1,2,2,3
699,0.999247693892432,0.781401804302568,0.788927335640138,1,1,1,1,1,1,1,1,1
700,0.0869781599750003,0.0638445523941707,0.0657439446366782,2,2,2,2,2,2,2,2,2
701,0.476857906737191,0.339347675225538,0.304498269896194,3,4,5,2,2,2,4,4,6
702,0.903936297033599,0.692574600971548,0.692041522491349,1,1,2,1,1,1,1,2,4
703,0.443281906459416,0.251214434420541,0.269896193771626,3,3,3,3,3,3,3,3,4
704,0.538107197833358,0.4323386537127,0.432525951557093,5,3,3,3,3,3,5,3,3
705,0.187891343850187,0.129770992366412,0.145328719723183,2,2,3,2,2,2,3,3,3
706,0.791970000347218,0.597501734906315,0.588235294117647,2,3,3,2,2,2,3,4,5
707,0.376291941065497,0.255378209576683,0.280276816608997,3,3,3,3,3,3,3,3,3
708,0.756449578129883,0.562109646079112,0.56401384083045,2,2,2,2,2,2,4,5,5
709,0.488350829272809,0.351839000693963,0.363321799307958,3,3,3,2,2,2,3,4,5
710,0.851587365886969,0.682165163081194,0.657439446366782,2,2,2,2,2,2,2,2,2
711,0.916528743880279,0.80499653018737,0.844290657439446,2,2,2,1,1,1,2,2,2
712,0.693452622076133,0.662040249826509,0.664359861591695,2,2,2,2,2,2,2,2,2
713,0.999861112718603,0.830673143650243,0.823529411764706,1,1,1,1,1,1,1,1,2
714,0.299822918716219,0.262317834836919,0.26643598615917,3,3,3,3,3,3,3,3,3
715,0.686924919850465,0.48646773074254,0.515570934256055,2,2,2,2,2,2,2,2,2
716,0.980000231478802,0.756419153365718,0.754325259515571,1,1,1,1,1,1,1,2,1
717,1,0.874392782789729,0.892733564013841,1,1,1,1,1,1,1,1,1
718,0.208203608754528,0.164469118667592,0.179930795847751,2,2,2,2,2,2,2,3,4
719,0.800916656057222,0.604441360166551,0.650519031141868,2,2,2,2,2,2,2,3,3
720,0.428779759493524,0.330326162387231,0.335640138408304,3,3,3,3,3,3,4,5,6
721,0.892142452054953,0.616238723108952,0.570934256055363,2,2,3,1,1,1,3,3,4
722,0.325192995451442,0.2470506592644,0.280276816608997,2,2,2,2,2,2,2,2,3
723,1,0.902151283830673,0.882352941176471,1,1,1,1,1,1,1,1,1
724,0.769053598916679,0.606523247744622,0.598615916955017,2,3,3,2,2,2,5,5,4
725,0.813208180460874,0.605829285218598,0.588235294117647,2,2,3,2,2,2,2,3,4
726,0.671033900070601,0.522553782095767,0.501730103806228,3,3,4,2,2,3,4,4,6
727,0.298167845279569,0.228313671061763,0.249134948096886,2,2,2,2,2,2,3,3,3
728,0.103343711299638,0.080499653018737,0.069204152249135,2,2,2,2,2,2,2,2,2
729,0.696137776183146,0.537820957668286,0.546712802768166,3,3,2,3,3,2,4,5,4
730,0.472783879816206,0.354614850798057,0.359861591695502,2,2,2,2,2,2,2,2,2
731,0.996967627689494,0.692574600971548,0.678200692041522,1,1,1,1,1,1,1,1,3
732,0.670767699447923,0.573213046495489,0.560553633217993,2,2,2,2,2,2,3,3,2
733,0.999872686658719,0.866065232477446,0.906574394463668,1,1,1,1,1,1,1,1,1
734,0.848647585097395,0.674531575294934,0.660899653979239,3,3,3,1,1,2,3,3,3
735,0.245240217127117,0.159611380985427,0.15916955017301,3,3,3,2,2,2,3,3,3
736,0.47770280436569,0.350451075641915,0.377162629757785,2,4,4,2,2,2,3,4,4
737,1,0.904233171408744,0.892733564013841,1,1,1,1,1,1,1,1,1
738,1,0.836224843858432,0.816608996539792,1,1,1,1,1,1,1,1,1
739,0.875938935891946,0.732824427480916,0.750865051903114,3,3,3,1,1,1,3,3,3
740,0.866309417715073,0.603053435114504,0.660899653979239,1,2,3,1,1,1,2,3,4
741,0.0839342137243782,0.054823039555864,0.055363321799308,3,3,2,2,2,2,3,3,2
742,0.930892003564774,0.68147120055517,0.688581314878893,1,1,1,1,1,1,1,1,4
743,0.606948993645907,0.470506592643997,0.477508650519031,3,3,3,2,2,2,6,4,4
744,0.390898253492436,0.267869535045108,0.273356401384083,2,3,3,2,2,2,3,3,3
745,1,0.85704371963914,0.875432525951557,1,1,1,1,1,1,1,1,1
746,0.655976203979121,0.573213046495489,0.581314878892734,2,2,2,2,2,2,2,2,2
747,0.380284950405667,0.269257460097155,0.249134948096886,3,3,3,3,3,3,3,3,5
748,0.880337033136191,0.748091603053435,0.71280276816609,2,2,2,2,2,2,3,2,3
749,0.216305366836032,0.125607217210271,0.1280276816609,3,3,2,3,3,2,3,3,2
750,0.147938102568257,0.11380985426787,0.114186851211073,2,2,2,2,2,2,2,2,2
751,1,0.811242192921582,0.809688581314879,1,1,1,1,1,1,1,1,1
752,0.309822802976817,0.245662734212353,0.228373702422145,2,2,2,2,2,2,2,2,3
753,0.461036330598026,0.378903539208883,0.380622837370242,3,3,3,2,2,2,3,3,3
754,0.130530896633141,0.083969465648855,0.0934256055363322,3,3,3,3,3,3,3,3,4
755,0.381014108633002,0.319916724496877,0.318339100346021,3,3,3,3,3,3,3,3,3
756,1,0.895211658570437,0.927335640138408,1,1,1,1,1,1,1,1,1
757,0.506683950417241,0.323386537126995,0.332179930795848,2,2,2,2,2,2,2,2,4
758,0.388768648511013,0.217210270645385,0.197231833910035,4,4,3,4,4,3,4,4,5
759,0.94300991886668,0.781401804302568,0.788927335640138,2,2,2,1,1,1,2,2,2
760,0.22851587365887,0.197779319916724,0.204152249134948,2,2,2,2,2,2,2,2,2
761,0.921262485387901,0.803608605135323,0.775086505190311,1,1,3,1,1,1,3,3,3
762,0.270378815060011,0.215128383067314,0.214532871972318,2,2,2,2,2,2,2,2,3
763,0.315899121537945,0.280360860513532,0.280276816608997,3,3,2,2,2,2,4,3,2
764,1,0.868147120055517,0.858131487889273,1,1,1,1,1,1,1,1,1
765,0.924873554704228,0.770992366412214,0.740484429065744,2,2,2,1,1,1,2,2,2
766,0.916771796622724,0.792505204718945,0.792387543252595,2,2,2,1,2,2,2,2,2
767,0.0385180727074918,0.0215128383067314,0.0242214532871972,2,2,2,2,2,2,2,2,2
768,0.984398328723047,0.809854267869535,0.788927335640138,1,1,1,1,1,1,1,1,2
769,0.50587377460909,0.305343511450382,0.314878892733564,2,2,3,2,2,2,3,3,3
770,0.518408351755188,0.32824427480916,0.373702422145329,2,2,2,2,2,2,2,2,2
771,0.526486961956459,0.362248438584316,0.373702422145329,2,3,3,2,2,2,3,3,3
772,0.533084107822826,0.448299791811242,0.439446366782007,2,2,2,2,2,2,2,2,3
773,0.835858381268735,0.641221374045801,0.667820069204152,2,2,3,1,1,1,3,5,7
774,0.98841448594345,0.745315752949341,0.716262975778547,1,1,1,1,1,1,1,1,3
775,0.617793775535005,0.494101318528799,0.494809688581315,2,2,2,2,2,2,2,2,2
776,0.957836136155832,0.70853573907009,0.72318339100346,1,1,1,1,1,1,1,1,2
777,0.993414428073749,0.878556557945871,0.878892733564014,1,1,1,1,1,1,1,1,1
778,0.595976898415528,0.535739070090215,0.536332179930796,4,4,3,2,2,3,5,5,4
779,0.607284637909283,0.395558639833449,0.41522491349481,2,2,2,2,2,2,3,3,3
780,0.547921899052094,0.392782789729355,0.397923875432526,3,3,3,2,2,2,3,4,4
781,0.803057834978762,0.663428174878557,0.660899653979239,2,2,2,2,2,2,3,3,2
782,0.893380863647412,0.638445523941707,0.647058823529412,1,2,2,1,1,1,3,3,4
783,0.195159778243307,0.158917418459403,0.162629757785467,2,2,2,2,2,2,2,2,2
784,0.815789169106839,0.569743233865371,0.57439446366782,2,2,2,2,2,2,2,2,3
785,0.384451568847583,0.323386537126995,0.311418685121107,2,2,2,2,2,2,2,2,2
786,0.285239754169512,0.210964607911173,0.214532871972318,4,5,4,4,4,3,5,6,6
787,0.26330713764887,0.192227619708536,0.193771626297578,2,2,2,2,2,2,2,2,2
788,1,0.953504510756419,0.951557093425606,1,1,1,1,1,1,1,1,1
789,0.155877825488131,0.111034004163775,0.134948096885813,2,2,2,2,2,2,2,2,2
790,0.265702943252972,0.221374045801527,0.204152249134948,2,2,2,2,2,2,2,2,3
791,0.388189951505191,0.328938237335184,0.346020761245675,3,3,3,2,2,2,4,5,5
792,1,0.989590562109646,0.986159169550173,1,1,1,1,1,1,1,1,1
793,0.927824909433919,0.638445523941707,0.647058823529412,1,2,2,1,1,1,2,2,2
794,0.941551602412009,0.670367800138792,0.688581314878893,1,1,2,1,1,1,2,2,5
795,0.2692445689286,0.174184594031922,0.183391003460208,2,2,2,2,2,2,2,2,2
796,0.662527054085022,0.538514920194309,0.515570934256055,2,2,2,2,2,2,2,2,3
797,0.439589819562274,0.384455239417071,0.394463667820069,2,2,2,2,2,2,2,2,2
798,1,0.829979181124219,0.826989619377163,1,1,1,1,1,1,1,1,1
799,0.78109049663777,0.544066620402498,0.57439446366782,3,3,3,2,2,2,3,3,4
800,0.183690003587921,0.125607217210271,0.134948096885813,3,3,3,2,2,2,4,4,5
801,0.985729331836437,0.851492019430951,0.830449826989619,1,1,1,1,1,1,1,1,2
802,0.390689922570341,0.244968771686329,0.26643598615917,4,5,5,2,2,2,6,6,5
803,0.795094964178655,0.700902151283831,0.716262975778547,2,2,2,2,2,2,2,2,2
804,1,0.834836918806384,0.84083044982699,1,1,1,1,1,1,1,1,1
805,0.578002569414706,0.405968077723803,0.404844290657439,4,5,5,3,3,4,7,6,8
806,0.617678036133841,0.578764746703678,0.560553633217993,2,2,2,2,2,2,2,2,2
807,0.823265934422055,0.721721027064539,0.730103806228374,2,2,2,2,2,2,4,4,4
808,0.545815441950903,0.405274115197779,0.384083044982699,2,3,4,2,2,2,3,4,4
809,0.722815708151526,0.562803608605135,0.529411764705882,2,3,4,2,2,2,5,5,5
810,0.99883103204824,0.76058292852186,0.785467128027682,1,1,1,1,1,1,1,1,1
811,0.915024131665143,0.60235947258848,0.622837370242215,1,1,1,1,1,1,1,2,3
812,0.98526637423178,0.769604441360167,0.792387543252595,1,1,1,1,1,1,1,1,2
813,1,0.82234559333796,0.792387543252595,1,1,1,1,1,1,1,1,1
814,0.88949201976829,0.626648160999306,0.650519031141868,2,2,2,1,1,1,3,3,4
815,0.515700049767942,0.467730742539903,0.480968858131488,2,2,2,2,2,2,2,2,2
816,0.288202682839319,0.192227619708536,0.176470588235294,3,3,3,3,3,3,4,3,3
817,0.752479716669946,0.480916030534351,0.442906574394464,2,2,2,2,2,2,2,2,3
818,0.932141989097348,0.784871616932686,0.757785467128028,2,2,2,1,1,2,2,2,2
819,0.413479010659599,0.255378209576683,0.238754325259516,2,3,4,2,2,2,6,7,7
820,0.400562493489659,0.261623872310895,0.245674740484429,4,3,3,2,2,2,4,3,4
821,0.618789134385019,0.452463566967384,0.408304498269896,2,3,3,2,2,2,3,4,4
822,0.863612689667944,0.659958362248439,0.657439446366782,2,2,2,1,1,1,2,2,5
823,0.365470307056631,0.258154059680777,0.228373702422145,3,3,4,2,3,3,6,5,5
824,0.37628036712538,0.263705759888966,0.26643598615917,4,3,3,3,3,3,4,3,3
825,0.496394717653731,0.313671061762665,0.328719723183391,3,3,3,2,2,2,4,4,5
826,0.57032904711751,0.453157529493407,0.442906574394464,3,3,3,2,2,2,3,3,3
827,0.905626092290599,0.601665510062457,0.643598615916955,2,2,2,1,1,1,2,2,5
828,0.740697445631416,0.492019430950729,0.460207612456747,2,2,2,2,2,2,3,3,3
829,0.616532216062314,0.380985426786954,0.397923875432526,3,3,3,3,3,3,3,3,4
830,0.3819284499022,0.25676613462873,0.283737024221453,3,3,3,3,3,3,4,4,5
831,0.633175541949746,0.467730742539903,0.501730103806228,2,2,2,2,2,2,3,3,3
832,0.393178319695374,0.255378209576683,0.252595155709343,2,2,3,2,2,2,2,3,3
833,0.873959792132036,0.782095766828591,0.768166089965398,2,2,3,1,1,1,3,3,4
834,0.216073888033703,0.140180430256766,0.107266435986159,4,4,4,3,3,3,5,5,8
835,0.840140739111816,0.646079111727967,0.647058823529412,2,2,2,2,2,2,3,3,4
836,0.560433328317959,0.38029146426093,0.314878892733564,2,2,3,2,2,2,2,3,4
837,0.904040462494647,0.652324774462179,0.626297577854671,2,2,2,1,1,1,2,2,2
838,0.304533512343607,0.253296321998612,0.245674740484429,2,2,2,2,2,2,2,2,2
839,1,0.947258848022207,0.923875432525952,1,1,1,1,1,1,1,1,1
840,0.314556544484439,0.253990284524636,0.231833910034602,2,2,2,2,2,2,2,2,3
841,0.711588986238585,0.535739070090215,0.539792387543253,2,2,2,2,2,2,2,3,3
842,1,0.913948646773074,0.885813148788927,1,1,1,1,1,1,1,1,1
843,0.066214511406118,0.0360860513532269,0.0484429065743945,2,2,2,2,2,2,2,2,2
844,0.995185240911564,0.894517696044414,0.910034602076125,1,1,1,1,1,1,1,1,1
845,0.273364891610051,0.174184594031922,0.176470588235294,3,3,3,3,3,3,3,3,4
846,0.480989803358757,0.396946564885496,0.387543252595156,3,3,2,2,3,2,3,3,3
847,0.998923623569172,0.960444136016655,0.955017301038062,1,1,1,1,1,1,1,1,1
848,0.736600270830199,0.430950728660652,0.487889273356401,2,2,3,1,1,1,7,7,7
849,0.342542331685976,0.204024982650937,0.214532871972318,2,2,2,2,2,2,2,3,4
850,0.995081075450516,0.789035392088827,0.761245674740484,1,1,1,1,1,1,1,1,2
851,0.546579321998588,0.433032616238723,0.43598615916955,2,2,3,2,2,2,2,3,4
852,0.485862432147776,0.31089521165857,0.301038062283737,5,5,4,3,3,4,6,6,5
853,0.612053101237254,0.471200555170021,0.456747404844291,2,2,2,2,2,2,2,2,3
854,0.80150692700316,0.616932685634976,0.619377162629758,2,2,4,2,2,2,3,4,4
855,0.0877420400226849,0.0652324774462179,0.0622837370242214,2,2,2,2,2,2,2,2,2
856,0.236768092961887,0.146426092990978,0.169550173010381,2,2,2,2,2,2,2,2,2
857,0.999143528431384,0.902845246356697,0.875432525951557,1,1,1,1,1,1,1,1,2
858,0.937986828856147,0.709229701596114,0.754325259515571,2,2,2,1,1,1,2,2,2
859,0.300146989039479,0.238723108952117,0.224913494809689,4,4,3,4,4,3,4,4,5
860,0.629460307172371,0.569049271339348,0.581314878892734,2,2,2,2,2,2,2,2,2
861,0.97913218597007,0.685634975711312,0.709342560553633,1,1,1,1,1,1,1,1,2
862,0.66928623511302,0.495489243580847,0.508650519031142,2,3,5,2,2,2,5,4,5
863,0.687306859874307,0.531575294934074,0.539792387543253,3,3,2,3,3,2,3,3,3
864,0.448166109188551,0.369882026370576,0.359861591695502,3,3,3,2,2,3,4,4,3
865,0.793856552586197,0.650242886884108,0.664359861591695,2,2,2,2,2,2,3,3,4
866,0.891042927743892,0.698126301179736,0.705882352941177,1,1,2,1,1,1,3,4,5
867,0.792247774910013,0.736294240111034,0.719723183391003,2,2,2,2,2,2,2,2,2
868,0.701762711079733,0.437196391394865,0.43598615916955,2,2,4,1,1,2,5,6,9
869,0.160414810013773,0.117279666897988,0.121107266435986,3,3,3,2,2,3,3,3,3
870,0.461985393687573,0.335183900069396,0.332179930795848,4,3,3,2,3,3,7,6,7
871,1,0.897293546148508,0.882352941176471,1,1,1,1,1,1,1,1,1
872,0.333479936574808,0.306731436502429,0.314878892733564,2,2,2,2,2,2,2,2,2
873,1,0.908396946564885,0.920415224913495,1,1,1,1,1,1,1,1,1
874,0.846830476499115,0.605829285218598,0.619377162629758,2,2,2,2,2,2,2,2,2
875,0.501834469508455,0.342817487855656,0.346020761245675,3,3,4,3,3,3,5,3,4
876,0.778752560734251,0.589174184594032,0.608996539792388,3,3,3,1,1,1,3,5,6
877,1,0.918112421929216,0.913494809688581,1,1,1,1,1,1,1,1,1
878,0.339104871471395,0.305343511450382,0.307958477508651,2,2,2,2,2,2,2,2,2
879,0.535341026145531,0.418459403192228,0.43598615916955,4,4,3,2,2,3,4,4,3
880,0.745859422923346,0.439972241498959,0.453287197231834,3,4,4,1,1,1,5,5,5
881,0.992650548026065,0.665510062456627,0.664359861591695,1,1,1,1,1,1,1,1,3
882,0.783277971319776,0.652324774462179,0.647058823529412,2,2,2,2,2,2,2,2,2
883,0.297149338549322,0.260929909784872,0.273356401384083,2,2,2,2,2,2,2,3,2
884,0.541521510167706,0.374045801526718,0.352941176470588,2,2,2,2,2,2,3,3,6
885,0.5186282566174,0.394864677307425,0.397923875432526,3,3,4,3,3,3,4,4,4
886,0.963437923172185,0.739070090215128,0.695501730103806,1,1,1,1,1,1,1,1,4
887,0.957986597377345,0.786259541984733,0.778546712802768,1,1,1,1,1,1,2,2,2
888,0.872605641138413,0.77029840388619,0.764705882352941,2,2,2,1,2,1,2,3,3
889,0.0874989872802398,0.0520471894517696,0.0588235294117647,5,5,4,3,3,3,5,5,4
890,0.929827201074062,0.680777238029146,0.667820069204152,2,2,2,1,1,1,2,2,5
891,0.82652978553489,0.617626648160999,0.667820069204152,2,2,2,2,2,2,3,3,3
892,1,0.935461485079806,0.930795847750865,1,1,1,1,1,1,1,1,1
893,0.23711531116538,0.196391394864677,0.211072664359862,4,3,3,2,3,3,4,3,3
894,0.52791055659078,0.405968077723803,0.401384083044983,3,3,3,2,2,2,4,4,6
895,0.864191386673765,0.771686328938237,0.792387543252595,2,2,2,2,2,2,2,2,2
896,0.583650652191526,0.403192227619709,0.397923875432526,3,3,3,3,3,3,3,3,4
897,0.216768324440689,0.17765440666204,0.162629757785467,3,2,2,3,2,2,3,2,2
898,1,0.778625954198473,0.761245674740484,1,1,1,1,1,1,1,1,2
899,0.536301663175195,0.380985426786954,0.370242214532872,3,4,4,2,2,3,5,5,6
900,0.820997442159234,0.588480222068008,0.570934256055363,2,2,2,2,2,2,3,3,3
901,0.999293989652898,0.841082581540597,0.820069204152249,1,1,1,1,1,1,1,1,2
902,0.993310262612701,0.680083275503123,0.633217993079585,1,1,1,1,1,1,1,1,1
903,0.558650941540028,0.453157529493407,0.439446366782007,2,2,2,2,2,2,2,2,2
904,0.555688012870221,0.421929215822346,0.44636678200692,6,6,6,2,2,4,6,7,9
905,1,0.861901457321305,0.833910034602076,1,1,1,1,1,1,1,1,1
906,0.18856263237694,0.106870229007634,0.114186851211073,2,2,2,2,2,2,2,2,3
907,0.948854758625479,0.856349757113116,0.847750865051903,2,2,2,1,1,1,2,2,2
908,0.790685292994294,0.458015267175573,0.442906574394464,3,3,3,2,3,3,3,3,6
909,0.999363433293596,0.84177654406662,0.85121107266436,1,1,1,1,1,1,1,1,1
910,0.940058564136989,0.721027064538515,0.726643598615917,1,1,1,1,1,1,1,2,5
911,0.189106607562412,0.113115891741846,0.1280276816609,2,3,3,2,2,2,3,3,3
912,0.43531903565931,0.357390700902151,0.349480968858132,2,2,3,2,2,2,4,4,6
913,0.383641393039432,0.235947258848022,0.238754325259516,4,4,4,3,3,2,5,5,4
914,0.541915024131665,0.362248438584316,0.352941176470588,4,4,4,3,3,3,5,5,4
915,0.530352657955348,0.344899375433727,0.359861591695502,2,2,2,2,2,2,2,2,2
916,0.204476800037037,0.133934767522554,0.114186851211073,3,3,3,3,3,3,4,4,4
917,0.896297496556753,0.744621790423317,0.681660899653979,2,2,2,2,2,2,2,2,2
918,1,0.885496183206107,0.885813148788927,1,1,1,1,1,1,1,1,1
919,0.96968785083506,0.801526717557252,0.813148788927336,1,1,1,1,1,1,2,2,2
920,0.506788115878288,0.344899375433727,0.332179930795848,3,3,4,2,2,3,3,3,5
921,0.576405365678638,0.412907702984039,0.442906574394464,2,2,2,2,2,2,2,2,2
922,0.753995902825199,0.512144344205413,0.515570934256055,3,3,3,2,2,2,4,5,5
923,0.329857293318364,0.199167244968772,0.211072664359862,2,2,2,2,2,2,2,2,2
924,0.556382449277207,0.481609993060375,0.487889273356401,3,2,2,3,2,2,3,2,2
925,0.881008321662944,0.833448993754337,0.830449826989619,2,2,2,2,2,2,2,2,2
926,0.942616404902721,0.721721027064539,0.719723183391003,1,2,2,1,1,1,2,2,2
927,0.896089165634657,0.615544760582929,0.633217993079585,1,1,2,1,1,2,2,3,2
928,0.974838254186873,0.689798750867453,0.709342560553633,1,1,1,1,1,1,1,1,2
929,0.521209245263365,0.399722414989591,0.387543252595156,2,2,2,2,2,2,2,2,2
930,0.519577319706948,0.43442054129077,0.387543252595156,3,4,4,3,3,3,4,4,6
931,0.874897281281467,0.578070784177654,0.608996539792388,2,2,2,2,2,2,2,2,2
932,0.914827374683163,0.650242886884108,0.653979238754325,2,2,2,1,1,1,2,2,3
933,0.626462656682214,0.401110340041638,0.370242214532872,4,4,5,2,2,2,4,5,8
934,0.439126861957616,0.28383067314365,0.245674740484429,4,4,3,2,3,3,6,6,5
935,0.672133424381662,0.530187369882026,0.539792387543253,3,3,3,2,3,3,4,3,3
936,0.989490862374278,0.905621096460791,0.847750865051903,1,1,1,1,1,1,1,1,2
937,0.367692503558987,0.271339347675226,0.269896193771626,2,2,2,2,2,2,2,2,2
938,0.481556926424463,0.329632199861208,0.311418685121107,2,3,4,2,2,4,4,4,5
939,0.837559750465851,0.680777238029146,0.688581314878893,2,2,2,2,2,2,2,2,2
940,0.581671508431615,0.501040943789035,0.487889273356401,2,2,2,2,2,2,2,2,4
941,0.969410076272265,0.739070090215128,0.761245674740484,1,1,1,1,1,1,2,2,2
942,1,0.837612768910479,0.84083044982699,1,1,1,1,1,1,1,1,1
943,0.0748139489126283,0.0541290770298404,0.0622837370242214,2,2,2,2,2,2,2,2,2
944,0.999733799377322,0.800832755031228,0.816608996539792,1,1,1,1,1,1,1,1,1
945,0.701195588014028,0.671061762664816,0.664359861591695,2,2,2,2,2,2,2,3,3
946,0.515757919468525,0.383761276891048,0.384083044982699,2,2,2,2,2,2,2,2,3
947,0.48666103401581,0.350451075641915,0.321799307958477,3,3,3,3,3,3,3,3,4
948,0.80082406453629,0.575988896599584,0.588235294117647,2,2,2,2,2,2,3,3,5
949,0.676982905290448,0.522553782095767,0.508650519031142,3,2,3,1,2,2,6,5,8
950,0.455700744204349,0.293546148507981,0.318339100346021,4,5,4,3,3,4,6,7,6
951,0.905290448027222,0.790423317140874,0.788927335640138,2,2,2,1,2,2,2,2,2
952,0.417680350921864,0.307425399028452,0.314878892733564,2,2,2,2,2,2,2,2,2
953,0.292635501903913,0.260929909784872,0.245674740484429,3,3,3,3,3,3,4,3,4
954,0.743174268816333,0.494101318528799,0.484429065743945,4,3,2,2,3,2,4,3,4
955,0.689714239418525,0.499653018736988,0.453287197231834,2,2,3,2,2,3,4,4,4
956,0.584287218897929,0.443442054129077,0.439446366782007,2,2,2,2,2,2,3,3,3
957,0.812918831957963,0.69882026370576,0.692041522491349,3,3,4,1,1,2,5,5,5
958,0.211374868346431,0.124219292158223,0.117647058823529,4,4,4,3,3,3,4,4,5
959,0.335123436071342,0.272033310201249,0.252595155709343,2,2,2,2,2,2,2,2,3
960,0.813555398664367,0.734906315058987,0.754325259515571,2,2,2,2,2,2,2,2,2
961,1,0.844552394170715,0.84083044982699,1,1,1,1,1,1,1,1,1
962,0.275714401453687,0.197085357390701,0.179930795847751,2,2,2,2,2,2,2,2,3
963,0.492135507690883,0.331714087439278,0.328719723183391,2,2,2,2,2,2,3,3,4
964,0.284603187463108,0.176266481609993,0.190311418685121,3,2,2,3,2,2,4,2,3
965,0.0924410597099571,0.0610687022900763,0.0588235294117647,2,2,2,2,2,2,2,2,2
966,1,0.936849410131853,0.920415224913495,1,1,1,1,1,1,1,1,1
967,0.887292971146167,0.715475364330326,0.698961937716263,2,2,2,2,2,2,2,2,4
968,0.273353317669934,0.186675919500347,0.176470588235294,3,3,3,2,2,2,3,3,3
969,0.815673429705675,0.779319916724497,0.775086505190311,2,2,2,2,2,2,2,2,2
970,0.995486163354591,0.851492019430951,0.823529411764706,1,1,1,1,1,1,1,1,1
971,0.201328688325367,0.138098542678695,0.141868512110727,3,3,3,2,2,2,3,3,4
972,0.242474045439289,0.181124219292158,0.173010380622837,3,3,3,2,2,3,3,3,4
973,0.495028992719992,0.38029146426093,0.380622837370242,3,3,3,2,3,2,3,3,4
974,0.984687677225958,0.7529493407356,0.709342560553633,1,1,2,1,1,1,1,1,3
975,0.694366963345332,0.564191533657183,0.567474048442907,2,2,2,2,2,2,2,2,4
976,0.320887489728128,0.208882720333102,0.200692041522491,6,5,3,5,4,3,6,5,4
977,0.641774979456256,0.527411519777932,0.515570934256055,2,3,3,2,2,2,3,3,5
978,0.623557597712989,0.515614156835531,0.515570934256055,4,4,4,3,3,3,4,4,4
979,0.91169083691161,0.703678001387925,0.709342560553633,1,1,1,1,1,1,1,2,5
980,0.134014652608187,0.0943789035392089,0.0865051903114187,2,2,2,2,2,2,3,3,3
981,0.352808416569253,0.261623872310895,0.273356401384083,4,5,4,2,2,3,6,7,5
982,0.368711010289233,0.297015961138099,0.294117647058824,2,2,3,2,2,2,3,3,4
983,0.612735963704124,0.520471894517696,0.525951557093426,2,2,2,2,2,2,2,2,2
984,0.418999780095138,0.286606523247745,0.27681660899654,3,3,3,3,3,3,5,4,3
985,0.206490665617296,0.130464954892436,0.134948096885813,2,2,2,2,2,2,2,4,3
986,0.171074408861009,0.134628730048577,0.141868512110727,3,3,3,3,3,3,4,4,3
987,0.942084003657365,0.756419153365718,0.73356401384083,1,1,2,1,1,1,1,3,4
988,0.400770824411754,0.237335183900069,0.231833910034602,3,4,4,3,3,3,4,5,7
989,0.850464693695675,0.621096460791117,0.595155709342561,2,2,3,1,1,1,2,3,7
990,0.376500271987593,0.358084663428175,0.349480968858132,2,2,2,2,2,2,2,2,2
991,1,0.813324080499653,0.802768166089965,1,1,1,1,1,1,1,1,1
992,0.205611046168447,0.142956280360861,0.131487889273356,2,2,2,2,2,2,2,3,4
993,0.808821657156746,0.64677307425399,0.671280276816609,2,2,4,1,1,2,4,4,4
994,0.866957558361593,0.634281748785566,0.636678200692042,1,1,3,1,1,1,2,5,6
995,0.990949178828949,0.846634281748786,0.847750865051903,1,1,1,1,1,1,1,1,1
996,0.792201479149547,0.542678695350451,0.522491349480969,2,2,3,2,2,2,2,2,5
997,0.986342750662608,0.772380291464261,0.778546712802768,1,1,1,1,1,1,1,1,2
998,0.897778960891656,0.673143650242887,0.660899653979239,1,2,2,1,1,1,2,3,3
999,0.493570676265321,0.371963913948647,0.342560553633218,2,2,4,2,2,3,4,6,5
1000,0.761125449936922,0.523941707147814,0.539792387543253,2,2,4,1,2,2,6,5,6
