Iteration,Blue_Path_Total_Gaps_Sum,Positions_1_Min_Total_Gaps_Sum,Positions_5_Min_Total_Gaps_Sum,Blue_Path_Residency_Time,Positions_1_Min_Residency_Time,Positions_5_Min_Residency_Time
1,20132,76,440,66268,1000,213
2,4646,0,180,81754,1260,289
3,55144,192,958,31256,482,97
4,28198,78,505,58202,935,211
5,21990,82,413,64410,1027,207
6,74681,251,1276,11719,164,38
7,15235,38,373,71165,1067,251
8,65882,208,1126,20518,314,81
9,14625,51,405,71775,1035,238
10,35150,118,586,51250,854,171
11,4996,0,101,81404,1339,289
12,57692,183,1008,28708,432,106
13,50184,157,912,36216,528,132
14,26183,90,564,60217,876,199
15,7096,0,245,79304,1195,289
16,45059,144,798,41341,642,145
17,4179,0,164,82221,1276,289
18,32024,96,631,54376,809,193
19,74539,241,1269,11861,171,48
20,28953,73,571,57447,869,216
21,76476,260,1303,9924,137,29
22,20629,79,419,65771,1021,210
23,27060,108,484,59340,956,181
24,42224,141,784,44176,656,148
25,26062,89,467,60338,973,200
26,0,0,36,86400,1404,289
27,8768,0,283,77632,1157,289
28,8843,0,250,77557,1190,289
29,69249,236,1158,17151,282,53
30,42885,122,865,43515,575,167
31,62322,179,1094,24078,346,110
32,4624,0,263,81776,1177,289
33,0,0,6,86400,1434,289
34,38977,113,692,47423,748,176
35,2411,0,68,83989,1372,289
36,54994,168,1011,31406,429,121
37,40115,134,750,46285,690,155
38,2304,0,164,84096,1276,289
39,48660,168,876,37740,564,121
40,27395,88,544,59005,896,201
41,0,0,30,86400,1410,289
42,40425,138,676,45975,764,151
43,43166,140,829,43234,611,149
44,19630,59,399,66770,1041,230
45,13197,0,304,73203,1136,289
46,40660,145,749,45740,691,144
47,22228,79,423,64172,1017,210
48,75383,262,1313,11017,127,27
49,70514,236,1219,15886,221,53
50,0,0,0,86400,1440,289
51,4117,0,253,82283,1187,289
52,59921,183,1021,26479,419,106
53,0,0,0,86400,1440,289
54,0,0,12,86400,1428,289
55,0,0,46,86400,1394,289
56,0,0,0,86400,1440,289
57,0,0,8,86400,1432,289
58,60615,207,1028,25785,412,82
59,0,0,0,86400,1440,289
60,44841,136,801,41559,639,153
61,39786,133,756,46614,684,156
62,0,0,18,86400,1422,289
63,74179,248,1239,12221,201,41
64,52327,175,914,34073,526,114
65,38357,128,691,48043,749,161
66,0,0,18,86400,1422,289
67,35321,121,609,51079,831,168
68,47609,159,801,38791,639,130
69,17589,50,400,68811,1040,239
70,5964,0,261,80436,1179,289
71,0,0,9,86400,1431,289
72,2580,0,87,83820,1353,289
73,15862,53,395,70538,1045,236
74,0,0,0,86400,1440,289
75,37808,132,662,48592,778,157
76,30341,110,551,56059,889,179
77,42963,158,796,43437,644,131
78,60211,169,1089,26189,351,120
79,64531,219,1189,21869,251,70
80,0,0,252,86400,1188,289
81,4642,0,226,81758,1214,289
82,24573,83,410,61827,1030,206
83,2689,0,154,83711,1286,289
84,53224,180,909,33176,531,109
85,0,0,6,86400,1434,289
86,63330,214,1067,23070,373,75
87,54911,185,1012,31489,428,104
88,44021,147,756,42379,684,142
89,10795,36,216,75605,1224,253
90,7099,0,201,79301,1239,289
91,15503,36,358,70897,1082,253
92,0,0,19,86400,1421,289
93,67287,233,1145,19113,295,56
94,32526,110,770,53874,670,179
95,59957,204,1049,26443,391,85
96,14284,48,376,72116,1064,241
97,1820,0,70,84580,1370,289
98,10145,34,194,76255,1246,255
99,28467,100,506,57933,934,189
100,0,0,40,86400,1400,289
101,2221,0,164,84179,1276,289
102,4488,0,148,81912,1292,289
103,63436,212,1065,22964,375,77
104,13286,32,317,73114,1123,257
105,38597,138,691,47803,749,151
106,43495,154,858,42905,582,135
107,13988,0,306,72412,1134,289
108,0,0,13,86400,1427,289
109,0,0,0,86400,1440,289
110,48562,167,878,37838,562,122
111,51549,169,945,34851,495,120
112,33036,111,663,53364,777,178
113,2922,0,93,83478,1347,289
114,0,0,51,86400,1389,289
115,0,0,0,86400,1440,289
116,0,0,6,86400,1434,289
117,2431,0,138,83969,1302,289
118,0,0,0,86400,1440,289
119,66649,226,1111,19751,329,63
120,35702,137,752,50698,688,152
121,0,0,6,86400,1434,289
122,10932,38,208,75468,1232,251
123,10470,37,229,75930,1211,252
124,17003,69,444,69397,996,220
125,0,0,71,86400,1369,289
126,62884,185,1123,23516,317,104
127,48289,172,821,38111,619,117
128,63091,193,1112,23309,328,96
129,2051,0,99,84349,1341,289
130,10538,0,215,75862,1225,289
131,7765,0,256,78635,1184,289
132,3656,0,69,82744,1371,289
133,47800,155,848,38600,592,134
134,45892,183,933,40508,507,106
135,10009,49,253,76391,1187,240
136,12143,50,252,74257,1188,239
137,0,0,43,86400,1397,289
138,0,0,0,86400,1440,289
139,16457,42,415,69943,1025,247
140,76609,262,1355,9791,85,27
141,67212,228,1180,19188,260,61
142,8710,33,236,77690,1204,256
143,14314,33,345,72086,1095,256
144,24431,49,557,61969,883,240
145,31135,96,591,55265,849,193
146,0,0,20,86400,1420,289
147,23044,88,412,63356,1028,201
148,0,0,0,86400,1440,289
149,19148,0,517,67252,923,289
150,49041,172,897,37359,543,117
151,70158,234,1178,16242,262,55
152,6792,0,158,79608,1282,289
153,37117,127,660,49283,780,162
154,0,0,36,86400,1404,289
155,59493,200,1043,26907,397,89
156,0,0,7,86400,1433,289
157,67326,231,1138,19074,302,58
158,28184,97,596,58216,844,192
159,0,0,52,86400,1388,289
160,58138,184,1019,28262,421,105
161,0,0,53,86400,1387,289
162,39137,138,711,47263,729,151
163,60902,196,1086,25498,354,93
164,26321,89,471,60079,969,200
165,34413,111,663,51987,777,178
166,14806,38,248,71594,1192,251
167,54353,183,907,32047,533,106
168,0,0,17,86400,1423,289
169,11969,40,226,74431,1214,249
170,0,0,6,86400,1434,289
171,66194,231,1174,20206,266,58
172,33809,117,584,52591,856,172
173,47272,181,883,39128,557,108
174,23943,68,505,62457,935,221
175,75077,260,1283,11323,157,29
176,4910,0,187,81490,1253,289
177,0,0,12,86400,1428,289
178,0,0,102,86400,1338,289
179,54320,188,1004,32080,436,101
180,16427,33,289,69973,1151,256
181,20716,41,625,65684,815,248
182,31680,106,574,54720,866,183
183,55746,124,990,30654,450,165
184,0,0,19,86400,1421,289
185,2857,0,66,83543,1374,289
186,0,0,0,86400,1440,289
187,30379,103,531,56021,909,186
188,54628,176,1009,31772,431,113
189,0,0,114,86400,1326,289
190,3817,0,75,82583,1365,289
191,6234,40,195,80166,1245,249
192,38971,138,837,47429,603,151
193,2726,0,94,83674,1346,289
194,27689,97,493,58711,947,192
195,16485,68,450,69915,990,221
196,54488,182,947,31912,493,107
197,0,0,31,86400,1409,289
198,12018,42,269,74382,1171,247
199,18073,37,426,68327,1014,252
200,26858,95,507,59542,933,194
201,15486,42,359,70914,1081,247
202,21358,82,449,65042,991,207
203,18507,41,372,67893,1068,248
204,31833,121,619,54567,821,168
205,0,0,0,86400,1440,289
206,0,0,68,86400,1372,289
207,50465,174,855,35935,585,115
208,0,0,0,86400,1440,289
209,63965,214,1105,22435,335,75
210,10271,0,253,76129,1187,289
211,21516,59,393,64884,1047,230
212,65026,221,1089,21374,351,68
213,41009,136,848,45391,592,153
214,38036,127,634,48364,806,162
215,70471,237,1182,15929,258,52
216,68594,235,1163,17806,277,54
217,59356,194,1129,27044,311,95
218,0,0,7,86400,1433,289
219,57538,194,977,28862,463,95
220,52567,176,907,33833,533,113
221,38506,129,723,47894,717,160
222,0,0,12,86400,1428,289
223,82647,280,1391,3753,49,9
224,52199,175,899,34201,541,114
225,4999,0,148,81401,1292,289
226,33659,116,567,52741,873,173
227,0,0,6,86400,1434,289
228,43824,147,756,42576,684,142
229,67030,225,1128,19370,312,64
230,39362,141,683,47038,757,148
231,4634,0,180,81766,1260,289
232,68049,229,1148,18351,292,60
233,34434,95,612,51966,828,194
234,47994,150,839,38406,601,139
235,30138,108,719,56262,721,181
236,21272,35,502,65128,938,254
237,2635,0,98,83765,1342,289
238,21557,60,436,64843,1004,229
239,21746,84,447,64654,993,205
240,35243,121,591,51157,849,168
241,57190,199,993,29210,447,90
242,4014,0,97,82386,1343,289
243,30989,106,544,55411,896,183
244,80878,270,1351,5522,89,19
245,3429,0,127,82971,1313,289
246,6711,0,263,79689,1177,289
247,13425,54,289,72975,1151,235
248,36960,107,828,49440,612,182
249,3084,0,88,83316,1352,289
250,61626,209,1123,24774,317,80
251,25552,87,426,60848,1014,202
252,66447,223,1155,19953,285,66
253,15688,62,338,70712,1102,227
254,11173,0,290,75227,1150,289
255,0,0,148,86400,1292,289
256,25021,84,454,61379,986,205
257,67900,213,1173,18500,267,76
258,52543,180,876,33857,564,109
259,37258,117,665,49142,775,172
260,0,0,6,86400,1434,289
261,30381,102,599,56019,841,187
262,33725,122,590,52675,850,167
263,67850,233,1161,18550,279,56
264,36209,120,639,50191,801,169
265,40237,141,705,46163,735,148
266,0,0,114,86400,1326,289
267,35492,100,629,50908,811,189
268,2395,0,65,84005,1375,289
269,59957,201,1011,26443,429,88
270,45171,131,926,41229,514,158
271,57237,181,997,29163,443,108
272,3663,0,127,82737,1313,289
273,29220,66,623,57180,817,223
274,21374,76,385,65026,1055,213
275,0,0,44,86400,1396,289
276,70513,241,1230,15887,210,48
277,38114,133,694,48286,746,156
278,69150,240,1212,17250,228,49
279,63043,220,1105,23357,335,69
280,45432,176,855,40968,585,113
281,15096,61,334,71304,1106,228
282,60836,196,1117,25564,323,93
283,40618,145,801,45782,639,144
284,4934,0,120,81466,1320,289
285,2825,0,74,83575,1366,289
286,13966,0,343,72434,1097,289
287,33332,100,595,53068,845,189
288,3549,0,125,82851,1315,289
289,47937,160,820,38463,620,129
290,56441,194,969,29959,471,95
291,2984,0,94,83416,1346,289
292,0,0,17,86400,1423,289
293,56221,198,1029,30179,411,91
294,49078,168,868,37322,572,121
295,0,0,0,86400,1440,289
296,13697,47,257,72703,1183,242
297,5317,0,143,81083,1297,289
298,2888,0,134,83512,1306,289
299,0,0,0,86400,1440,289
300,25625,91,453,60775,987,198
301,0,0,0,86400,1440,289
302,29873,108,555,56527,885,181
303,46158,124,832,40242,608,165
304,29209,91,576,57191,864,198
305,0,0,24,86400,1416,289
306,63826,211,1124,22574,316,78
307,56820,184,995,29580,445,105
308,0,0,11,86400,1429,289
309,31479,109,671,54921,769,180
310,60778,193,1035,25622,405,96
311,18978,64,326,67422,1114,225
312,6575,0,181,79825,1259,289
313,70471,245,1201,15929,239,44
314,0,0,12,86400,1428,289
315,0,0,0,86400,1440,289
316,58463,167,1090,27937,350,122
317,9041,36,228,77359,1212,253
318,0,0,6,86400,1434,289
319,17496,64,375,68904,1065,225
320,0,0,19,86400,1421,289
321,33691,91,729,52709,711,198
322,11079,0,299,75321,1141,289
323,62931,212,1057,23469,383,77
324,8415,33,174,77985,1266,256
325,0,0,0,86400,1440,289
326,5878,0,137,80522,1303,289
327,16270,58,352,70130,1088,231
328,3119,0,126,83281,1314,289
329,28551,110,611,57849,829,179
330,5986,0,152,80414,1288,289
331,59611,203,1034,26789,406,86
332,20302,70,360,66098,1080,219
333,24848,83,428,61552,1012,206
334,23559,75,405,62841,1035,214
335,18239,38,384,68161,1056,251
336,13174,39,424,73226,1016,250
337,59683,193,1058,26717,382,96
338,0,0,8,86400,1432,289
339,39423,136,709,46977,731,153
340,9483,36,238,76917,1202,253
341,61014,207,1035,25386,405,82
342,45937,136,810,40463,630,153
343,0,0,6,86400,1434,289
344,41637,142,712,44763,728,147
345,69695,242,1206,16705,234,47
346,19553,62,417,66847,1023,227
347,3490,31,125,82910,1315,258
348,32834,117,605,53566,835,172
349,37256,128,623,49144,817,161
350,0,0,7,86400,1433,289
351,35546,121,619,50854,821,168
352,35305,100,662,51095,778,189
353,0,0,7,86400,1433,289
354,33989,114,595,52411,845,175
355,73213,244,1314,13187,126,45
356,23528,63,513,62872,927,226
357,43822,120,794,42578,646,169
358,0,0,12,86400,1428,289
359,0,0,61,86400,1379,289
360,27113,64,507,59287,933,225
361,0,0,9,86400,1431,289
362,11056,38,240,75344,1200,251
363,38324,93,778,48076,662,196
364,2442,0,70,83958,1370,289
365,27874,78,559,58526,881,211
366,38374,131,710,48026,730,158
367,63763,214,1094,22637,346,75
368,48635,163,887,37765,553,126
369,56681,185,975,29719,465,104
370,77627,261,1308,8773,132,28
371,49725,167,872,36675,568,122
372,21612,76,383,64788,1057,213
373,64968,231,1145,21432,295,58
374,25191,38,611,61209,829,251
375,12999,0,248,73401,1192,289
376,17720,46,421,68680,1019,243
377,5510,0,248,80890,1192,289
378,0,0,12,86400,1428,289
379,6575,0,168,79825,1272,289
380,31638,99,536,54762,904,190
381,4123,0,163,82277,1277,289
382,37516,128,685,48884,755,161
383,61433,208,1100,24967,340,81
384,45990,159,834,40410,606,130
385,31502,107,527,54898,913,182
386,43880,160,845,42520,595,129
387,0,0,0,86400,1440,289
388,35169,111,677,51231,763,178
389,0,0,139,86400,1301,289
390,0,0,0,86400,1440,289
391,28177,89,546,58223,894,200
392,48395,148,875,38005,565,141
393,39475,126,674,46925,766,163
394,28521,103,566,57879,874,186
395,0,0,55,86400,1385,289
396,0,0,25,86400,1415,289
397,0,0,82,86400,1358,289
398,0,0,38,86400,1402,289
399,74230,249,1291,12170,149,40
400,39147,80,785,47253,655,209
401,46486,166,835,39914,605,123
402,20917,42,449,65483,991,247
403,0,0,7,86400,1433,289
404,42213,132,757,44187,683,157
405,0,0,0,86400,1440,289
406,0,0,178,86400,1262,289
407,39638,116,860,46762,580,173
408,24846,89,454,61554,986,200
409,14848,44,280,71552,1160,245
410,6631,0,225,79769,1215,289
411,13355,47,295,73045,1145,242
412,0,0,50,86400,1390,289
413,11715,41,204,74685,1236,248
414,2830,0,89,83570,1351,289
415,0,0,12,86400,1428,289
416,0,0,16,86400,1424,289
417,28357,68,678,58043,762,221
418,20382,57,464,66018,976,232
419,23164,58,486,63236,954,231
420,70389,242,1237,16011,203,47
421,23468,81,508,62932,932,208
422,0,0,0,86400,1440,289
423,26712,99,465,59688,975,190
424,41502,117,714,44898,726,172
425,0,0,40,86400,1400,289
426,28174,96,624,58226,816,193
427,38558,130,653,47842,787,159
428,5195,0,180,81205,1260,289
429,44413,110,943,41987,497,179
430,74719,251,1252,11681,188,38
431,45863,149,845,40537,595,140
432,25689,70,537,60711,903,219
433,21873,69,492,64527,948,220
434,45672,139,807,40728,633,150
435,55937,176,996,30463,444,113
436,24241,97,498,62159,942,192
437,0,0,40,86400,1400,289
438,16853,43,329,69547,1111,246
439,58231,203,1008,28169,432,86
440,21810,75,389,64590,1051,214
441,14526,30,311,71874,1129,259
442,16841,40,408,69559,1032,249
443,0,0,0,86400,1440,289
444,15185,52,298,71215,1142,237
445,22889,71,507,63511,933,218
446,17530,48,342,68870,1098,241
447,24036,82,426,62364,1014,207
448,41914,140,895,44486,545,149
449,36719,132,654,49681,786,157
450,0,0,6,86400,1434,289
451,7002,0,260,79398,1180,289
452,0,0,0,86400,1440,289
453,44329,140,855,42071,585,149
454,4232,0,153,82168,1287,289
455,4489,0,76,81911,1364,289
456,24464,76,465,61936,975,213
457,32480,115,550,53920,890,174
458,65503,226,1104,20897,336,63
459,0,0,14,86400,1426,289
460,32217,111,576,54183,864,178
461,0,0,16,86400,1424,289
462,0,0,23,86400,1417,289
463,49346,173,843,37054,597,116
464,77222,259,1311,9178,129,30
465,26240,68,516,60160,924,221
466,21453,54,431,64947,1009,235
467,17148,65,329,69252,1111,224
468,44300,128,852,42100,588,161
469,15171,53,361,71229,1079,236
470,19874,42,363,66526,1077,247
471,33284,111,565,53116,875,178
472,0,0,0,86400,1440,289
473,24956,36,583,61444,857,253
474,31589,114,607,54811,833,175
475,11464,0,429,74936,1011,289
476,24984,89,452,61416,988,200
477,16992,64,384,69408,1056,225
478,59191,166,1033,27209,407,123
479,13143,45,272,73257,1168,244
480,0,0,71,86400,1369,289
481,67640,231,1142,18760,298,58
482,20380,71,436,66020,1004,218
483,0,0,52,86400,1388,289
484,1991,0,93,84409,1347,289
485,57061,180,961,29339,479,109
486,6040,0,137,80360,1303,289
487,0,0,0,86400,1440,289
488,29568,101,500,56832,940,188
489,15840,48,336,70560,1104,241
490,0,0,0,86400,1440,289
491,44668,167,957,41732,483,122
492,0,0,48,86400,1392,289
493,58532,196,1008,27868,432,93
494,56130,182,1014,30270,426,107
495,46108,155,801,40292,639,134
496,70186,234,1198,16214,242,55
497,3854,0,142,82546,1298,289
498,67707,227,1133,18693,307,62
499,0,0,0,86400,1440,289
500,0,0,86,86400,1354,289
501,16613,56,407,69787,1033,233
502,42302,130,894,44098,546,159
503,12443,47,308,73957,1132,242
504,58934,197,983,27466,457,92
505,0,0,37,86400,1403,289
506,4421,0,273,81979,1167,289
507,40291,116,692,46109,748,173
508,71397,247,1266,15003,174,42
509,0,0,68,86400,1372,289
510,13471,31,291,72929,1149,258
511,70337,249,1244,16063,196,40
512,0,0,0,86400,1440,289
513,20747,70,359,65653,1081,219
514,0,0,0,86400,1440,289
515,0,0,7,86400,1433,289
516,77565,273,1351,8835,89,16
517,0,0,8,86400,1432,289
518,7315,0,255,79085,1185,289
519,17049,32,367,69351,1073,257
520,16512,36,397,69888,1043,253
521,36768,100,643,49632,797,189
522,24428,97,464,61972,976,192
523,43018,128,812,43382,628,161
524,24809,65,485,61591,955,224
525,7308,0,226,79092,1214,289
526,0,0,54,86400,1386,289
527,21879,41,521,64521,919,248
528,39002,133,721,47398,719,156
529,35122,85,730,51278,710,204
530,11250,0,301,75150,1139,289
531,2152,0,110,84248,1330,289
532,32494,103,558,53906,882,186
533,67358,227,1138,19042,302,62
534,28370,47,527,58030,913,242
535,0,0,70,86400,1370,289
536,0,0,0,86400,1440,289
537,36756,126,632,49644,808,163
538,0,0,0,86400,1440,289
539,33595,90,689,52805,751,199
540,0,0,85,86400,1355,289
541,66149,222,1124,20251,316,67
542,44346,132,774,42054,666,157
543,0,0,0,86400,1440,289
544,3829,0,167,82571,1273,289
545,24578,84,440,61822,1000,205
546,70625,239,1178,15775,262,50
547,53619,189,999,32781,441,100
548,8945,0,207,77455,1233,289
549,4269,0,138,82131,1302,289
550,37675,133,828,48725,612,156
551,26017,91,467,60383,973,198
552,8124,0,175,78276,1265,289
553,9569,0,183,76831,1257,289
554,8783,0,268,77617,1172,289
555,34798,117,616,51602,824,172
556,5289,0,194,81111,1246,289
557,36013,85,687,50387,753,204
558,0,0,18,86400,1422,289
559,4861,0,175,81539,1265,289
560,55687,195,987,30713,453,94
561,65547,222,1122,20853,318,67
562,19696,35,381,66704,1059,254
563,0,0,30,86400,1410,289
564,37133,140,744,49267,696,149
565,35920,97,645,50480,795,192
566,60246,208,1025,26154,415,81
567,63615,217,1066,22785,374,72
568,34270,117,599,52130,841,172
569,9769,30,251,76631,1189,259
570,0,0,0,86400,1440,289
571,19335,37,489,67065,951,252
572,15745,39,406,70655,1034,250
573,4507,0,100,81893,1340,289
574,2095,0,76,84305,1364,289
575,0,0,12,86400,1428,289
576,41462,130,743,44938,697,159
577,11379,0,250,75021,1190,289
578,62699,197,1159,23701,281,92
579,41766,101,758,44634,682,188
580,0,0,27,86400,1413,289
581,12910,35,292,73490,1148,254
582,39788,133,684,46612,756,156
583,2855,0,131,83545,1309,289
584,9576,36,210,76824,1230,253
585,74121,253,1266,12279,174,36
586,36374,102,737,50026,703,187
587,41995,131,771,44405,669,158
588,0,0,43,86400,1397,289
589,54630,169,973,31770,467,120
590,19070,33,372,67330,1068,256
591,70909,239,1210,15491,230,50
592,0,0,7,86400,1433,289
593,42885,144,716,43515,724,145
594,0,0,0,86400,1440,289
595,17023,59,320,69377,1120,230
596,33056,114,561,53344,879,175
597,7460,0,305,78940,1135,289
598,46977,160,794,39423,646,129
599,36227,97,721,50173,719,192
600,0,0,0,86400,1440,289
601,19039,69,465,67361,975,220
602,33025,58,664,53375,776,231
603,4210,0,139,82190,1301,289
604,68997,230,1200,17403,240,59
605,9863,30,301,76537,1139,259
606,29524,101,660,56876,780,188
607,65604,215,1171,20796,269,74
608,69837,235,1184,16563,256,54
609,56515,201,1006,29885,434,88
610,64403,232,1189,21997,251,57
611,42359,144,809,44041,631,145
612,28774,70,517,57626,923,219
613,0,0,46,86400,1394,289
614,6348,0,158,80052,1282,289
615,0,0,6,86400,1434,289
616,0,0,36,86400,1404,289
617,0,0,21,86400,1419,289
618,57661,193,970,28739,470,96
619,0,0,125,86400,1315,289
620,0,0,0,86400,1440,289
621,19151,73,443,67249,997,216
622,30127,82,603,56273,837,207
623,0,0,54,86400,1386,289
624,0,0,7,86400,1433,289
625,11853,38,266,74547,1174,251
626,69367,232,1186,17033,254,57
627,68441,219,1174,17959,266,70
628,0,0,0,86400,1440,289
629,4498,0,183,81902,1257,289
630,0,0,178,86400,1262,289
631,30290,103,537,56110,903,186
632,3255,0,97,83145,1343,289
633,52573,159,919,33827,521,130
634,0,0,42,86400,1398,289
635,0,0,0,86400,1440,289
636,63160,214,1128,23240,312,75
637,37468,128,831,48932,609,161
638,62701,210,1059,23699,381,79
639,60636,162,1046,25764,394,127
640,0,0,81,86400,1359,289
641,12976,0,231,73424,1209,289
642,49765,167,838,36635,602,122
643,43469,126,757,42931,683,163
644,33240,116,601,53160,839,173
645,11868,32,226,74532,1214,257
646,79934,267,1337,6466,103,22
647,9475,0,267,76925,1173,289
648,54556,193,934,31844,506,96
649,0,0,42,86400,1398,289
650,46992,156,983,39408,457,133
651,0,0,70,86400,1370,289
652,61728,206,1030,24672,410,83
653,0,0,0,86400,1440,289
654,8181,0,170,78219,1270,289
655,2116,0,109,84284,1331,289
656,27040,76,662,59360,778,213
657,0,0,15,86400,1425,289
658,36973,118,632,49427,808,171
659,4283,0,108,82117,1332,289
660,0,0,63,86400,1377,289
661,0,0,0,86400,1440,289
662,1891,0,192,84509,1248,289
663,61294,206,1041,25106,399,83
664,0,0,65,86400,1375,289
665,42333,145,815,44067,625,144
666,58269,190,1030,28131,410,99
667,3063,0,196,83337,1244,289
668,62432,212,1055,23968,385,77
669,5352,0,194,81048,1246,289
670,66415,223,1162,19985,278,66
671,63108,190,1103,23292,337,99
672,2014,0,87,84386,1353,289
673,24391,84,602,62009,838,205
674,27389,53,572,59011,868,236
675,39134,131,653,47266,787,158
676,0,0,12,86400,1428,289
677,60006,197,1076,26394,364,92
678,26894,96,520,59506,920,193
679,0,0,0,86400,1440,289
680,0,0,71,86400,1369,289
681,10173,45,249,76227,1191,244
682,9973,0,390,76427,1050,289
683,0,0,45,86400,1395,289
684,0,0,0,86400,1440,289
685,40451,135,733,45949,707,154
686,32450,121,681,53950,759,168
687,0,0,38,86400,1402,289
688,17815,72,451,68585,989,217
689,58341,196,1003,28059,437,93
690,50160,178,926,36240,514,111
691,9298,32,235,77102,1205,257
692,0,0,0,86400,1440,289
693,15063,53,264,71337,1176,236
694,4201,0,113,82199,1327,289
695,33347,105,675,53053,765,184
696,26267,91,506,60133,934,198
697,51030,171,869,35370,571,118
698,69626,236,1192,16774,248,53
699,7039,34,196,79361,1244,255
700,18872,65,341,67528,1099,224
701,0,0,13,86400,1427,289
702,46589,147,792,39811,648,142
703,0,0,170,86400,1270,289
704,43512,162,812,42888,628,127
705,15911,67,374,70489,1066,222
706,46694,158,790,39706,650,131
707,13678,0,318,72722,1122,289
708,51730,174,881,34670,559,115
709,56119,178,1000,30281,440,111
710,0,0,0,86400,1440,289
711,17202,53,380,69198,1060,236
712,55445,189,967,30955,473,100
713,0,0,7,86400,1433,289
714,0,0,8,86400,1432,289
715,0,0,23,86400,1417,289
716,31878,102,678,54522,762,187
717,70005,208,1218,16395,222,81
718,18945,68,322,67455,1118,221
719,21171,71,504,65229,936,218
720,19769,60,344,66631,1096,229
721,64871,229,1246,21529,194,60
722,9232,36,242,77168,1198,253
723,50500,169,848,35900,592,120
724,47075,152,847,39325,593,137
725,53376,158,930,33024,510,131
726,22907,79,386,63493,1054,210
727,59956,190,1011,26444,429,99
728,55226,185,953,31174,487,104
729,66106,174,1155,20294,285,115
730,5570,0,157,80830,1283,289
731,30025,104,559,56375,881,185
732,0,0,66,86400,1374,289
733,25420,54,517,60980,923,235
734,51559,150,1017,34841,423,139
735,43119,156,817,43281,623,133
736,20084,33,409,66316,1031,256
737,32397,108,621,54003,819,181
738,68517,231,1204,17883,236,58
739,79215,269,1345,7185,95,20
740,40457,156,813,45943,627,133
741,34797,125,640,51603,800,164
742,0,0,0,86400,1440,289
743,7427,0,212,78973,1228,289
744,13804,56,276,72596,1164,233
745,73217,236,1257,13183,183,53
746,59696,202,1047,26704,393,87
747,43802,147,753,42598,687,142
748,11189,45,521,75211,919,244
749,60892,194,1077,25508,363,95
750,16763,61,299,69637,1141,228
751,13273,45,283,73127,1157,244
752,29291,77,583,57109,857,212
753,41555,113,865,44845,575,176
754,20737,42,498,65663,942,247
755,0,0,6,86400,1434,289
756,61256,198,1028,25144,412,91
757,0,0,0,86400,1440,289
758,53588,181,938,32812,502,108
759,50126,134,868,36274,572,155
760,72354,242,1241,14046,199,47
761,0,0,71,86400,1369,289
762,3326,0,145,83074,1295,289
763,0,0,0,86400,1440,289
764,42654,138,873,43746,567,151
765,27803,72,579,58597,861,217
766,27091,69,639,59309,801,220
767,0,0,0,86400,1440,289
768,29840,101,511,56560,929,188
769,57265,195,969,29135,471,94
770,2076,0,47,84324,1393,289
771,52299,170,945,34101,495,119
772,16804,69,362,69596,1078,220
773,43056,155,846,43344,594,134
774,15988,42,346,70412,1094,247
775,35575,124,654,50825,786,165
776,71557,230,1230,14843,210,59
777,37518,126,663,48882,777,163
778,32786,113,612,53614,828,176
779,3469,0,124,82931,1316,289
780,30737,96,598,55663,842,193
781,29164,101,604,57236,836,188
782,61317,205,1023,25083,417,84
783,33975,116,583,52425,857,173
784,31650,112,624,54750,816,177
785,39624,133,671,46776,769,156
786,57257,182,1060,29143,380,107
787,0,0,7,86400,1433,289
788,47973,160,831,38427,609,129
789,69144,231,1160,17256,280,58
790,9509,0,280,76891,1160,289
791,42023,129,879,44377,561,160
792,0,0,6,86400,1434,289
793,0,0,14,86400,1426,289
794,11716,32,297,74684,1143,257
795,46593,150,786,39807,654,139
796,46985,171,892,39415,548,118
797,38093,118,726,48307,714,171
798,0,0,54,86400,1386,289
799,68936,208,1167,17464,273,81
800,55509,176,968,30891,472,113
801,12251,34,329,74149,1111,255
802,49521,172,847,36879,593,117
803,69118,232,1153,17282,287,57
804,43933,147,767,42467,673,142
805,27184,95,509,59216,931,194
806,39918,137,704,46482,736,152
807,0,0,111,86400,1329,289
808,41386,147,751,45014,689,142
809,0,0,0,86400,1440,289
810,14838,36,301,71562,1139,253
811,29255,98,615,57145,825,191
812,3239,0,75,83161,1365,289
813,47948,167,967,38452,473,122
814,76621,256,1288,9779,152,33
815,0,0,0,86400,1440,289
816,18523,66,340,67877,1100,223
817,9841,0,355,76559,1085,289
818,0,0,8,86400,1432,289
819,49409,166,912,36991,528,123
820,15653,35,303,70747,1137,254
821,8203,32,283,78197,1157,257
822,72375,231,1210,14025,230,58
823,57545,180,1056,28855,384,109
824,50842,162,985,35558,455,127
825,16489,0,407,69911,1033,289
826,55886,182,1024,30514,416,107
827,63340,201,1070,23060,370,88
828,0,0,0,86400,1440,289
829,3948,0,118,82452,1322,289
830,0,0,15,86400,1425,289
831,0,0,12,86400,1428,289
832,27994,36,657,58406,783,253
833,21106,63,421,65294,1019,226
834,20578,53,435,65822,1005,236
835,18713,54,385,67687,1055,235
836,16360,66,323,70040,1117,223
837,0,0,6,86400,1434,289
838,68123,240,1176,18277,264,49
839,0,0,26,86400,1414,289
840,62415,195,1094,23985,346,94
841,30652,106,546,55748,894,183
842,0,0,0,86400,1440,289
843,35053,113,664,51347,776,176
844,47580,162,903,38820,537,127
845,2635,0,45,83765,1395,289
846,41339,103,752,45061,688,186
847,42519,121,792,43881,648,168
848,27758,81,508,58642,932,208
849,16682,59,338,69718,1102,230
850,0,0,57,86400,1383,289
851,57885,180,985,28515,455,109
852,7021,0,220,79379,1220,289
853,0,0,14,86400,1426,289
854,53341,175,922,33059,518,114
855,23701,74,410,62699,1030,215
856,18545,77,364,67855,1076,212
857,13358,0,299,73042,1141,289
858,0,0,53,86400,1387,289
859,0,0,13,86400,1427,289
860,0,0,0,86400,1440,289
861,12723,44,226,73677,1214,245
862,48870,176,847,37530,593,113
863,33311,112,791,53089,649,177
864,0,0,0,86400,1440,289
865,0,0,0,86400,1440,289
866,70849,238,1182,15551,258,51
867,44295,152,743,42105,697,137
868,56105,188,940,30295,500,101
869,0,0,0,86400,1440,289
870,17669,50,372,68731,1068,239
871,0,0,6,86400,1434,289
872,4101,0,97,82299,1343,289
873,76446,256,1283,9954,157,33
874,0,0,32,86400,1408,289
875,4735,0,154,81665,1286,289
876,0,0,0,86400,1440,289
877,0,0,115,86400,1325,289
878,9191,31,156,77209,1284,258
879,8178,36,218,78222,1222,253
880,60584,215,1034,25816,406,74
881,64737,218,1134,21663,306,71
882,27384,95,481,59016,959,194
883,59844,206,1023,26556,417,83
884,61413,205,1035,24987,405,84
885,0,0,33,86400,1407,289
886,39770,133,759,46630,681,156
887,51161,165,908,35239,532,124
888,2523,0,103,83877,1337,289
889,56203,193,969,30197,471,96
890,42232,156,745,44168,695,133
891,35591,129,744,50809,696,160
892,68270,231,1172,18130,268,58
893,76462,256,1288,9938,152,33
894,47299,163,840,39101,600,126
895,1878,0,88,84522,1352,289
896,0,0,0,86400,1440,289
897,0,0,7,86400,1433,289
898,36920,106,645,49480,795,183
899,58187,196,1028,28213,412,93
900,27087,94,483,59313,957,195
901,78334,263,1308,8066,132,26
902,37321,127,720,49079,720,162
903,16418,30,340,69982,1100,259
904,37456,127,653,48944,787,162
905,52664,176,885,33736,555,113
906,14975,44,344,71425,1096,245
907,11869,40,251,74531,1189,249
908,20437,46,461,65963,979,243
909,6164,0,242,80236,1198,289
910,69514,233,1164,16886,276,56
911,45143,137,819,41257,621,152
912,62907,215,1075,23493,365,74
913,32218,66,751,54182,689,223
914,7835,0,206,78565,1234,289
915,0,0,50,86400,1390,289
916,42608,156,904,43792,536,133
917,4361,0,91,82039,1349,289
918,2110,0,113,84290,1327,289
919,6268,0,227,80132,1213,289
920,17863,63,312,68537,1128,226
921,0,0,51,86400,1389,289
922,0,0,0,86400,1440,289
923,0,0,16,86400,1424,289
924,50576,165,916,35824,524,124
925,0,0,0,86400,1440,289
926,15864,71,441,70536,999,218
927,14502,0,382,71898,1058,289
928,9732,0,215,76668,1225,289
929,1909,0,223,84491,1217,289
930,2706,0,173,83694,1267,289
931,10764,45,228,75636,1212,244
932,36310,111,669,50090,771,178
933,39313,133,715,47087,725,156
934,18725,35,477,67675,963,254
935,24281,61,580,62119,860,228
936,15451,47,331,70949,1109,242
937,32189,112,655,54211,785,177
938,38461,67,786,47939,654,222
939,69819,233,1202,16581,238,56
940,14820,54,357,71580,1083,235
941,0,0,0,86400,1440,289
942,7441,0,151,78959,1289,289
943,78094,261,1304,8306,136,28
944,0,0,80,86400,1360,289
945,0,0,160,86400,1280,289
946,17871,61,324,68529,1116,228
947,69670,236,1163,16730,277,53
948,45643,159,802,40757,638,130
949,0,0,12,86400,1428,289
950,69141,233,1158,17259,282,56
951,47537,141,850,38863,590,148
952,70872,246,1231,15528,209,43
953,27701,86,704,58699,736,203
954,5725,0,121,80675,1319,289
955,9570,35,213,76830,1227,254
956,6002,0,121,80398,1319,289
957,15493,30,338,70907,1102,259
958,17654,0,375,68746,1065,289
959,3091,0,139,83309,1301,289
960,6295,0,234,80105,1206,289
961,14929,52,471,71471,969,237
962,28647,79,506,57753,934,210
963,65154,218,1090,21246,350,71
964,60433,211,1046,25967,394,78
965,31425,124,632,54975,808,165
966,6252,0,143,80148,1297,289
967,0,0,0,86400,1440,289
968,31639,107,571,54761,869,182
969,5454,0,121,80946,1319,289
970,18963,53,365,67437,1075,236
971,2572,0,63,83828,1377,289
972,26565,82,562,59835,878,207
973,64344,193,1103,22056,337,96
974,9727,0,223,76673,1217,289
975,55243,187,959,31157,481,102
976,22271,50,435,64129,1005,239
977,43050,144,725,43350,715,145
978,19616,66,370,66784,1070,223
979,6695,0,400,79705,1040,289
980,17393,61,304,69007,1136,228
981,36179,115,660,50221,780,174
982,30797,31,681,55603,759,258
983,0,0,16,86400,1424,289
984,46827,145,827,39573,613,144
985,63594,215,1101,22806,339,74
986,27226,99,493,59174,947,190
987,68549,226,1201,17851,239,63
988,0,0,7,86400,1433,289
989,40740,141,739,45660,701,148
990,10087,41,227,76313,1213,248
991,80578,271,1347,5822,93,18
992,0,0,22,86400,1418,289
993,69030,245,1201,17370,239,44
994,0,0,26,86400,1414,289
995,41075,109,833,45325,607,180
996,23978,71,521,62422,919,218
997,73161,247,1220,13239,220,42
998,68810,237,1166,17590,274,52
999,58966,198,1060,27434,380,91
1000,0,0,22,86400,1418,289